Username,Content
eikinashikin,"Me and my husband pun ldr sebelum ni. Belajar sama2 dekat U pun kluar jarang2 and lowkey taknak orang tahu then ldr Sabah-Johor. 8years relationship, jumpa 1-2 tahun sekali. Both of us commit to our relationship. Belajar apa yang masing2 nak and suka. Both supporting - career wise, lifestyle etc. So in my context, kalau sama2 commit then fight for it. It'll be worth it. Kalau sorang je beria, you know where you stand. Now, we've been married for a year plus and just welcome our first born🤭"
amyzalia,"I pernah LDR Melaka-Vienna. Entah la dikkkkk pakwe akk time tu. Buka mata je terus video cal. Bukan sbb nak tgk muka. Dia nak feel mcm tgh live in the same house. Dia suh on je video tu. Dia mandi berak masak pakai baju pun on video on(mcm CCTV hala ke dinding je pun tapi boleh sembang), atas moto video, dia tgh keje pun video. Akk kat side sini, makan lepak dgn kawan2 pun video kena on. Eh menyampah kawan2 aku tgk. Last2 dia tido dgn gegirl lain juga kat sana dik"
rianmarkus94,"Cuma POV saya ya, if awal2 sudah ada rasa mcm ini, means you blom ready for LDR commitment. Better stop it before both sides pergi lebih jauh and last2 x menjadi dan buang masa. If you really mean what u feel, LDR is not an issue or excuse.. But you feeling this way it’s just obvious you don’t want it. Be true to yourself and your heart. Jangan try cari apa2 alasan to cover it just to feel better.Sorry, ini cuma pendapat saya (based on pengalaman sendiri) ✌️🙏😬"
mohdhasif_putera,"Banyak dugaan dan cabaran, klu tak kuat baik berundur je. Sebb akan timbul banyak masalah. Jgn nanti dah jauh baru nk step back sakit dan masa tu, luka pun dalam"
ran.gga6133,"Kdg2, hati penat menunggu jarak. Bukan tak sayang, tapi sabar ada hadnya. Pilihan untuk lepaskan itu bukan kelemahan, tapi cara jaga diri bila cinta tak mampu bertahan dengan jarak"
nrrsyahira,"Dulu sebelum kahwin i rasa i okay je kalau ldr dgn suami. Kalau suami takde pun okay sbb ada family & kawan. Tapi lepas kahwin i rasa semua benda buat tanpa suami tu tak best. Sunyi, kosong. I nak suami i sentiasa ada in everything i buat."
born_tobeslayy,"kenapa eh lelaki awal awal je beria???? bila jauh sikit (ldr) tak jumpa sebulan dua terus berubah, alasan takde spark tapi mulut cakap sayang. BRUHH explain jap kenapa"
sirsurya.rich,"Jika betul syg, dia tunggu.Usually LDR yg sakit kalau gini. Ada org jodoh senang, kenal sekejap terus kawin. Ada yg tak, kena tahan lama tuk bersama. It's all about timing.Believe me, bila dh together tu, both of u will appreciate more. Trust in Allah.Kuncinya, ""Don't give up so easily."""
shxn.ia,"It’s true , long-distance relationships don’t feel heavy when your partner makes sure you never feel the miles between you. People always say LDR isn’t for the weak, and maybe that’s true… but when you’re with the right person, it doesn’t feel like something you have to “survive.” It feels natural. It feels secure"
strawgerry_,"now i realized why LDR is considered the highest standard of love devotion. loving someone without seeing them every day is not easy, yet choosing to stay proves that love is not only in front of our eyes but also deeply rooted in our heart. it takes patience, trust, and emotional strength to keep choosing one person despite the distance. there are moments of longing, loneliness, and uncertainty, but real love stays even when it’s tested."
ashlooong,"Now i realized why LDR is considered the highest standard of love devotion. Because loving someone without seeing them everyday is a proof that love is not only in front of our eyes but also in our heart. Indeed, distance means nothing when someone means everything."
slayyeda,"As someone in an LDR going 6 years, plus married na for 4 mos, I would say find a way to work around your time difference. Find a common time that you’re both available and spend time with each other. Granted, there will be times that sleep for one of you will be sacrificed, but that’s part of it unfortunately.Also, honesty and communication is really what would make it work.Then, find an end goal you’re both working toward, a time when you’re gonna close the distance."
nxxquintana,"Always make time :) don't forget the spicy time 🤣 hehe. And communication, integrity, respect each other. The right person will make distance easy promise 🥹"
nicolefoong81,"i am doing a LDR with my guy for 1.5 years now.. we have zero arguments.. when he said he is out with his friends for drinks/movie/gigs i’ll just say, have a good night out 😊 we dont do video call.. only twice in 1.5 years coz we hate it.. but we do text.. not daily 24-7, but consistently.. we can go 1 day without communication.. i also have been cheated multiple times but this rship is my healthiest.. no drama no jealousy.. i give him 100% trust and if he choose to betray it, it is on him"
sy44lost,"korang yang mana ldr tu jangan 100% percaya partner korang ye sebab aku dah terkena 🤣 3 tahun aku kena tipu, dalam chat bukan main nampak dia setia and focus kat kita sangat ii tapi semuanya berubah lepas aku check fon dia hambek ko aku kena curang banyak perempuan dia chat siap pernah jumpa perempuan lain lagi 🤣 bila dah kantoi dia bagi alasan sebab “sunyi” HAHAHAHAHAH"
rasydan_77,"Tips LDR: kalau gaduh, call. jangan text.sekali kau dah dengar suara dia, terus jatuh cinta balik."
camandhiona,Most couples assume their LDR is fine as long as they’re talking every day.But here’s the truth:communication alone isn’t enough to know if your relationship is thriving.I learned this the hard way when I realized we were talking often but feeling distant.
missamanda.p,"Communication, trust & comprehension is key ✨ Regular visitation like sebulan skli either I'll go to him or the other way around"
_jamp0t,"Honestly, LDRs can work, but only if both people actually put in the effort. I’ve seen love grow stronger across distance, but I’ve also seen people drift apart because communication wasn’t enough. It’s a test of patience, trust, and honesty more than anything else."
11jake_collins,"They Say: LDR is not for the weak , its for the person who have strongest trust and faith , LDR considered highest standard of love Devotion because loving someone without seeing them everyday is a proof that love is not only in front of our eyes but also in our heart, Indeed Distance means nothing when someone means for everything."
rachelmarice,Like one comment here - LDR is only for honest and fully committed couples who never sees updating/texting as a chore. Both who always get excited seeing notifications from their partners text/videocalls. 💖 It is indeed true when they say it's not for the weak. I'm in an LDR and its by far the healthiest & most loving relationship I've been.
xn_xnn_x,"First time LDR here, transparency, updates and making time is a must. You also need to be vocal with what you're feeling because physical connection is absent. As long as both of you are committed, being in one is fine 🫶"
under_the_bridget,"it takes a lot of work and two people willing to do the work. im on semi ldr right now and the mental and emotional challenge can really consume u. it requires consistency, commitment to routine, patience, a lot of understanding and acceptance, and a lot assurance. it needs safety for the nervous system and that means sticking to a pattern that both should commit. i can go on but fu truly want to make it work, u really have to do the work."
its.melonpuff,"LDR akan tetap rasa dekat if dua dua beri energy yang sama. My partner gaves me 200% effort every single day without getting tired. Jarak tak sepatutnya jadi isu yang besar/utama if you sedar bahawa kebahagiaan boleh dicorakkan dengan pelbagai cara. At the end of the day, it all depends on diri sendiri nak pilih corak yang macam mana. Sama ada 'hidup' berpaksikan hubungan orang lain, atau put an effort and corakkan hubungan sendiri mengikut kemampuan dan ruang yang hakikatnya ada dalam hubungan."
3ellelee,i hate ldr sm 💔
m0chin3ko,Lagi beberapa hari je dia akan fly to japan untuk sambung belajar 🥹🥹 i sedih sangat sebab terpaksa ldr in around 7 years but at the same time i feel so proud of him… he’s a respectful and high value man and i know he won’t cheat… i just ada trust issues that we won’t make it sebab both akan grow apart and i takut sparks tu akan fading away… do anyone been experienced any similar situation like this? i need good words dont jinx :)
redpomegrant,"Should I leave him? I'm in a ldr with this man for four years and I think I can't do this anymore. He sent me a paper bag full of chocolate and a lego flower for my first birthday with him. He sent it to me two months before my actual birthday because he 'forgot' my birthday. I forgive him, thinking he got it mixed up with someone else's. That was the first and last time he wished and gave me birthday present. He also frequently left me on read but still watches my stories. I don't feel loved"
dene.se,"I can’t be with someone who can’t even reply or update within the day, especially in an LDR setup.Texting and calling is all we have, wdym you can’t?"
ciqmyraedora,Ldr tu sakit kan?
nrlaenaa,"kalau partner kau sanggup datang nak jumpa kau walaupun jauh, ikhlas terima kau, tak kedekut, soft spoken, tak friendly, itu partner mahal jagalah dia baik-baik."
zlkhrnnsa,"Ldr ni susah tak? How about you guys ? Mana tahu boleh share tips lain🌹For me dulu susah , but now tak pun sebab apa ? Sebab KALAU dua dua saling percaya , KALAU dua dua hargai satu sama lain , KALAU dua dua support each other dan KALAU dua dua tak pernah putus untuk komunikasi dalam semua hal .LDR tak susah kalau kita dengan orang yang TEPAT."
aalliyyx,Nak tanya LDR ni rasa mcm mana? • rasa rindu • tak boring • rasa sayang Lagi? Rasa apa korang?
aarisyadiana,siapa yang tak pernah rasa LDR tak tahu sakit macam mana sob sob :(
awkwardspook,Long distance relationships i think can workWhat do you all think?
fairudden,"LDR ni pelik. Ada hari aku kuat, ada hari aku kalah dengan rindu sendiri. Ada hari aku boleh senyum, ada hari aku termenung lama sambil fikir, “Bila aku boleh balik, duduk sebumbung, hidup macam orang lain?”"
unseen.anon,"The feeling of buying work clothes for your cinta hati is such a wholesome, emotional experience.I remember last year, when he came to my place (We LDR), we went to the mall together. I bought him a shirt, a necktie and a pair of slacks for his first day of practical at school. I was so proud of him, he had worked so hard to reach this point.I cried in the mall, not because of the clothes but because this moment felt like the future I used to dream about when he was still in Uni"
i.am.dinesh,Long distance relationship is where you have to be really careful. One cheats and game over. 😓
iqraizz,"Mula-mula kami janji nak kuat. Setiap hari video call, setiap malam “goodnight”. Tapi lama-lama, semua tu mula pudar. Dia sibuk, aku pun letih.Rindu makin dalam, tapi jarak makin jauh. Aku tengok gambar dia setiap malam, cuma nak rasa “dekat” walau hakikatnya, aku cuma bercakap dengan skrin.Aku rindukan dia , tapi lebih dari tu, aku rindukan masa di mana semuanya terasa mudah."
duane_moses,If you dated someone long distance how often would you want to see them if they lived further than 5hrs away?
chypnotism,"idk why, but laki bila ldr mmg xreti communication eh? AKU NAK SLEEPCALL LAHHHHHHHHHBBBBBBBBBBBBBBBBBBBABI"
nntssha,Ldr isn't easy
8lackt,Ppl really dating long distance in 2026? 🤨 ain’t no way
thatgirlkilea,Why are all the good relationships long distance? I literally don’t like anyone close 😂
nurneelamsariii,Sakit oh rasa ldr dengan husb. Kinek demam rasa giveup jak nak handle anak anak sorang dirik😭
anggun_trisyaa,"Saje la nak tanya, lelaki & perempuan boleh ke kalau kahwin hidup jauh2? Contoh, suami kerja kt Malaysia, Wife kerja kt London? Nak jumpa amek masa 24 jam?Menurut aku bergelar Sang Isteri, tak mgkin la aku tinggalkan Suami aku. Takpe la kerja sekali kt Malaysia pun as long duduk & hidup bersama. Korang ada pengalaman macam tu?"
stevemcqueen35,"I don't do good with long distance relationships, so im just letting you know."
farvko,"Jangan percaya perempuan yg LDR dengan boyfriend dia. Bf dia busy kat sana, dia kat sini mesti akan cari lelaki yg bole bagi attention kat dia ... buat teman makan, tempat comfort dia, tempat luah perasaan, ha apa lagi ?"
ainnnys,"There’s no trust issue in my relationship. The only thing is, if we get married one day, one of us might need to change our workplace so we can stay together but I honestly don’t want to leave my career right now this job has been my dream since I was a kid with good benefits and a good salary i believe rezeki is everywhere but I keep wondering… is this the right step for me?"
leldaofzelda29,My gf and I are in an LDR. I have very attractive friends and they do too (along with attractive coworkers). Neither of us feel the urge to get with them because we're attracted to each other and fictional women we like to jokingly thirst over.Exes can be a bit of a tricky situation. my gf and I dont experience it because they're my first everything and they've gone no contact with their exes so that's not something we think about. But as long as that ex remains respectful of our relationship+
logan.envo,Pro Tip: Don’t do long distance relationships if you cannot communicate or put effort in!
tinmats,"8 years LDR. 24/7 Video call, yes kahit tulog 😅 Just married this year 😉Not easy, but worth it."
eiqaafyqah,Dah 3 4 kali ldr pun still tak boleh nk kuat.. Bila penat mula la nk emosi..
haileyhyeah,"LDRstoryMy husband and I met 8 years ago, never thinking we’d be “the one” for each other. A year later, we reconnected through IG and our LDR began.It wasn’t easy—video calls, visits, and uncertainty tested us. We even broke up for 2 years during COVID. But last year, we got back together, and I moved to KL.We’re now married. Some call it destiny, but we believe it’s the choices and effort that matter.To LDR couples: destiny may connect you, but your decisions make it happen."
hazirah.nabilah,"Macam ni rupanya rasa ldr..
pagi tadi hantar suami pergi outstation ke luar negara, then pergi lah otw balik makan dengan family time tu okey lagi. Bila dah sampai rumah, tengok baju suami kat ampai, tengok semua barang dalam rumah ni auto teringat suami. Terus mengalir air matakuuu 😭😭😭. Rindunyaaaaaa 😭
Ya Allah lindungilah suami ku di mana pun dia berada, permudahkan lah segala urusan dia, ringankan lah segala beban yang dia bawa 🤲🏻😭. Cepatkanlah masa ya Allah 😭"
apisbermadih,Aku punya tahap rindu + angau sampai cakap sorang sorang dah . Haihh laa cepat lah habis ldr ni 😤  
fazlina_tarudin,"Not many people celebrate long distance relationships, but today feels like a good day to acknowledge how far we’ve come.
This year, our long distance relationship is going into year 3.
Love isn’t just about physical presence.
It’s about choosing to talk even when you’re tired or emotionally drained
Some days feel strong,
some days feel exhausting.
But somehow, we always come back to choosing each other.
To everyone in an LDR,
you’re stronger than you think 🤍
Happy LDR International Day 🫶"
tiffcooksalot,"Since now I am embarking on this whole LDR set up, I need some real life practical tips. Strangely I’m not worried about jealousy or trust…not sure why I’m not, will come back to that. But I am worried about our connection fizzling out. Now that I’m coming down from the weekend high, I’m worried how do we refill the emotional tank when we are apart and can’t see each other for at least a month? Love to hear your thoughts! LDRstory"
amychyan,"My husband and I have been LD since April 2020—on opposite coasts of North America, 3 hour time difference. Our trips to see each other range from every 6 months, to 4 and now we try to keep it even shorter. To answer your Q, don’t depend on a “spark”. An open, honest and communicative relationship is incredibly hard work, but so worth it. It becomes a built in best friend kind of companionship. It doesn’t fizzle and makes you feel incredibly cherished."
amwinx7,"250 miles is ok! It is doable! Start planning weekends together half-way! 😁🌷 I had a LDR with 4000 kms between us and we made it work. Although we both knew that it would have an expiration date for the LDR, it was fun! Go for it! 😁"
lizdotmoments,"I'm in an LDR of just under a year (UK-based). Usually see each other once a month due to work commitments, sometimes longer when I have a few weeks off in between. Since meeting, we've texted every day, and called a few times a week. Then calls became more and more frequent. It happened organically so whatever works for you. But I would say it's important to keep checking in, ask how their day went, keep asking questions and getting to know them, make sure they have your support and interest..."
alicialkrage,"I was in long-distance relationship with my partner for three years, we moved in together last year and still going strong. ❤️ I've done this plenty of times and the one thing that really helped us was virtual date nights. Once a week, every other week, once a month, whatever works for the two of you. If you have iPhones you can do SharePlay or FaceTime and watch a movie together. Game nights are also fun."
yourintentionallifecoach,"My guy and I are 110 miles apart. We’ve been together over a year and a half. We FaceTime. Call. Text. Share pics and videos. Sometimes watch a game or movie at the same. We always always know when we will see each other next. It’s not every weekend so we keep a calendar. We send cards in the mail, too. We talk about missing each other. We’ve met each others friends so I know who he’s with when he goes out with someone and same here. We share a lot and yet each still have a good life."
fazirapajeri,Best thing after u prayed what u want. Attention! I love his baku word. Sis hampir bertapa di gua untuk tuntut ilmu kelabu. Menyantet suami ku. Kembali la kita ke sarang. LDRstory
kunurzawani_,"Dulu paling tak kisah LDR, siap suka gila2😂 Sejak ada anak ni boleh tahan mental jugak eh, makan diri btul kata2 sendiri"
katgarcia,Don’t do long distance. He’s always got a local girl.
drsharinikole,"Being in a long-distance relationship with my fiancé, separated by continents, is one of the hardest things I’ve ever experienced. Every day feels like a mix of love and longing—loving them deeply, but aching because I can’t hold their hand, share a meal, or simply sit beside them."
blizzysparrow,Random question for threads lesbians- would you date long distance if you fell for someone you met on a social media app? How would you navigate it?I don’t think I could do long distance. Kissing is my favorite thing. 😂
_darwisyah_,"bencinyee ldr ni, cuti kahwin dapat 12 hari je ye untuk 2 majlis yg ada gap satu minggu, kedekut gila. dua2 stay kl tapi i still study kat melaka and husband pulak kerja kt seremban. bila la nak dapat rumah ni 🫠 "
angelandrhea,Long distance relationships can work if you’re with the right partnerLDRstory
shaniaadeline,"Everyone keeps asking me for LDR tips and here's what I say:
LDR is never an excuse for a break up, communication and efforts are💛"
artyficiel_,"I truly don't know how people manage long distance relationships over an extended period of time. If I had a person I would have a hard time not seeing them for a couple of days, so months just sounds like self-imposed torture to me."
n4y97_,"LDR ni kadang2 sakit,kadang2 seronok..sakit sebab rindu,seronok pun sebab rindu..untuk ubat rindu,oncall..tapi masih sedikit sebanyak masih terpalit sakit2 manjahhhh 😮‍💨"
haunted.hndrxx,I feel like people keep forgetting that long distance is just a temporary situation and y’all are supposed to end up closing the gap. That’s why I never understood why so many people are opposed to it
vivy_wears,I’m ok with long distance relationship as long as there’s communication
the_only_cokebottle_krys,Absolutely. To believe that your soul mate is next door when there are over 7 billion ppl on th planet is ridiculous to me. Love knows no bounds. We make these rules and restrictions for relationships and then wonder why we are alone. Long distance is great until ppl give up producing effort. It's not meant to last forever. Once ur committed there should be plans in place to bridge th gap.. if not yall just wasting each other's time.
i_am_ingrid_r,Meeting yes but not going for LDR for long. I need my man close and I will move for someone that is worth it
whit.de.ney,"Did long distance for most of relationships and I can say it only works if both partners listen, communicate and make plans to meet (something to look for to Atleast)I also know that I’ll never do another long distance. Matter of fact I’m done with dating."
nyaballa_o,"If I meet someone long distance and we have á genuine connection,that’s shouldn’t matter, as long as we are working towards closing the distance."
monaa.kayy,"As I have matured, I’m fine with long distance. Sometimes I prefer it"
onthewaytomarss,Did it for a year ..and he decided he could do anymore after cheating lol. Now I’m scared for life lol
tiny_death,"Most of my relationships as an adult have been LDR. Ranging from 4,200 miles apart to 400 miles apart. Longest was 3 years and that was the 4,200 mile separation. It never bothered me to the point of considering leaving. For me, personally, waiting was a non-issue and no amount of distance would've led me to 'goodbye'. They took me away from themselves. Not the distance."
luuxbyparischanel,"For those not having success dating in your own city, have you tried long distance? Is that something you are open to? If not, why so?I actually love long distance. Preference of course is always to be in the same city as that person, but long distance helps keep a spark that I can’t describe. It forces courtship because you have to work extra hard for it to work, but it’s so rewarding when both parties are putting in the effort."
enyhs_19,"I had an ex back in 2019. He is a doctor now in another country, and that’s the reason why we broke up — it became an LDR.
I was his first in everything. I was his greatest love.
He messaged me just recently and asked how I was. It was just a casual conversation, just checking in on each other.
He already has his own house abroad.
Since our breakup until now, he hasn’t had a girlfriend anymore."
njoyijeoma,"LDR confession: The hardest part isn't the physical distance. It's the 'routine' distance. The part where you’ve both had long days, you’re staring at each other on FaceTime, and you have absolutely nothing left to say, even though you want to be nowhere else.
Miriam and her partner almost hit a wall because of this."
i_miss_her_022706,"Even though it's LDR, everything is going well between us, we fit each other perfectly just like a missing piece of puzzle that you've been looking for in life.. She overthink abt everything and the outcome of our relationship and I keep on reassure her that it's alright and it's gonna be fine, I were ready to leave everything behind on that time.."
karenini_kc,"Did tried LDR for 10mos. And I am still willing to do it, be loyal and committed till we close the distance. But for someone who would want to do the same and has the same intention. I hope it does still exist?!
LDRstory"
njwa.hfzah_,"jangan benci jaraknya, nikmati saja rindunya 😇 LDRstory"
_iamheavenbound,"What’s one of the hardest part of being in a LDR situation?
1. Cleaning/Organizing your bedroom all by yourself. 🤧
LDRstory"
jeriann.g,"In a few days will be my husband and I's first anniversary of being together EVERYDAY. Like, in one place at the same time; breathing the same air and etc. You get it. 🤣😭💕 #closedthegap #LDR
Time flies and everyday is a blessing!
Now we stress about what we want for breakfast, lunch or dinner everyday and we love it 🥰"
mgsrtrp,Almost 4 years in a relationship (3 yrs in long distance) but it feels like we’ve been together for more than 10 years.
bridgingthedistance.co,"LDR or not, confusion is still confusion.
Distance doesn’t change the standard.
If someone wants you in their life, you won’t have to question it.
Clarity, consistency, and effort are the bare minimum.
You’ll feel secure, not uncertain."
wani.vanilla,No LDR. Kenapa nak LDR? Better single klu mcm tu sbb mmg tau dah nobody will show up when u need someone…
kaizer_rxs,"LDR?
I can give u all my social accs.
Will update u with pics and vids.
I can buy some time to update u.
Will consistently give u assurance everyday.
We'll not sleep 'till everything's okay.
Will always yearn to you always."
amool_sulaiman,"We met on Reddit. Kita penpals berbalas2 email. Then texting, calling and video call. LDR for 5 years. He came to Malaysia twice to meet my family. Then he came to Malaysia to convert and get married. Now we've been married for 2 years and have a baby."
anshfkh_,"i cannot do LDR, my trust issue wont let me"
surayamhzn,"Been through that too! My husband got a much better offer in JB, so we decided to do LDR for a while since we already had a house in KL and I was also working. But after 4 months, I decided to resign and move to be with him. Emotionally, it was really draining. I was juggling house chores and taking care of our son all alone. But now? We’re so much happier living together again like before. Sometimes, one partner has to make a sacrifice for the well being of the family."
susenorentommy_sot,Ldr with good salary sy tahan 5 bln jaa. Now stay together tp gaji beshe2. But at least we are happier now 🥰
zatydanny,"Kalau dengan salary biase2 u olls boleh hidup biase2 dengan bahagia tanpa bertengkar isu kewangan, hidup la tanpa perlu LDR."
bazilahazmi,"Dulu i pernah rasa LDR for better salary, but bila ade anak, salary is no2, masa with family is no 1.. so now dh almost 2y dh stay sama sama with husband"
aliaishere,"I dulu LDR (Malaysia - USA) for 10+years. Time tu mampu la sebab we weren't married yet. But time dah kawen, I dropped everything including my good-salaried job to be with him.
If we were in an LDR again for whatever reason, I'd sacrifice everything for him again.
My husband > my job"
ordinary_711,"Why do you need to choose if you can get both? Hehe, I feel you, sis. I don’t want LDR anymore, but I want to get the same salary as I do now. So I chose to live together, and before that, I aggressively found a job that satisfied me with my current salary. Unexpectedly, I got more than what I wanted. I anggap tu rezeki Allah untuk i hidup bersama husband tanpa LDR lagi."
qaamaarinaaa,"Ada or takda anak? Saya masa takda anak lagi, memang enjoy LDR to the fullest. Husband 2minggu kerja, 2 minggu cuti. Waktu he’s away, saya keluar dgn kawan, me time. Bila husband ada, saya focus on him. Seronok!!
Tapi once ada baby (6m old now), sumpah rasa nak meroyan 😮‍💨 taktahu bape kali menangis rasa resign n ikut dia! Memang meletihkan! Doakan kami ada rezeki duduk sebumbung 😞"
qasehnadiea,kdg2 ad bende kite trpaksa bekorban… like me trpaksa LDR untuk settelkn beberapa perkara… dah settel inshaAllah boleh back to normal life…
xosurayaxo,"Sy memilih short distance with salary biasa2 je.. Kalau LDR better salary tp kne ada target, bpe tahun nak LDR.."
dx973__,"nahh,short distance sebab kalau ldr ni..Dua2 pihak ada tendency utk jadi liar sebab dah ada duit kan..🤣  "
aliyaaamysrh,saya sanggup resign daripada LDR sebab point berkahwin mmg utk duduk sama sama nape nak jauh jauh hahahaha 😭😭😭 
meesyaman,"I agreed LDR gain better salary more than if we stayed together. Cuma i takpercaya husband i dengan perempuan lain. I said that because i had experienced it. Dah kahwin tapi still cari perempuan lain, alasan sebab sunyi. I know tak semua lelaki sama.  "
nadiahsalvatore,Say NO to LDR.. been there.. xde yang manis pon even for two months only LDR..better together..
nik_nani93,"Sebagai org yang LDR dah lama, n masih LDR skrng, better dok skali lah, kurang emotional, financial damage huhu... LDR is not a long term thingy in relationship…"
nadfindi,"If in doubt, dont choose ldr."
nadhihaaa,"Been there. Kalau waktu berdua oke je ldr, seronok. Kerja kite habiskan duit dia, berjalan, travel, fly, keluar dengan kawan waktu husband takde.
Tapi start ada anak , we both decide yang tak boleh mcm ni. Kesian dekat anak.
So now, eventho dah takde allowance kepuk2, tapi setiap hari dapat tgk muka depan mata, husband dapat jaga anak sekali. Kerja dia pun tak stress. Rezeki Allah Alhmdulillah🩷"
a.wife_,"Now im struggling with LDR with better salary. Baru 1 month plus dah pujuk husband suruh balik, sanggup gaji biasa2 asal stay sama2. Before kahwin, both of us thought we could do it but nah. Balik lah abanggg 🙂‍↔️  "
zulaikhazk_,"LDR with good salary we both bertahan 6 months only. For us, staying together much better 👍"
khawlazwar,"dah kahwin, better duduk sama²... kerja biasa² pun takpe duit boleh dicari 😁 kitonyo clingy dgn husband tak boleh LDR~  "
sw8lilykoi,1 year and 10 months LDR with an -18 hour timezone! It's been 2 months since we closed the distance and still can't believe we're finally married & living under the same roof 💖 feels so nice.
niamaulidhia,LDR is not for everyone but for two peoples who can trust and supports each other. Because distance means nothing if they have good communication and connections
mochiii.puff,"Indeed 🥰 My husband (now) and I were in a long-distance relationship for three years, between the US and Europe. We visited each other every few months, spent weekends on Skype for 16 hours, and I stayed up late every night to talk to him before heading to university with almost zero sleep. He also called & texted me whenever he could, so we stayed in touch almost all day, one way or another. It wasn’t easy at all, but every sacrifice was worth it. We’ve been happily married for 9,5 years~🥰❤️"
nellayahhh,"LDR is indeed about trusting someone fully and testing how far they can give. The challenges are always there, but only a few survive. I was in an LDR for almost three years, but it ended in cheating you wouldn’t have expected haha. Matira matibay 😂"
manielle8,"Not married but I have been with my partner for almost 5 years. I met him just before having to move to the other side of the country. He would come every two months for a week and we always have a particular date in the week just for us. We are both gamers so it is mostly geeking together. Also we try to have a holiday together at least once a year. We are not all on communication, we don't text each other every day but we would often send memes or links to videos we liked."
dare2makebelieve,"I met my person randomly on reddit, we chatted daily for months before exchanging pictures, then started dating.
In all it took a year before we did anything other than sleeping in the same bed and snuggling.
3 years later and we both moved to a different state and live together.
So, yes. It's absolutely possible!"
umaiof,"Sorry la but for me, LDR never work"
jvmar2610,"who is willing to take risk for an LDR relationship? just trust, love, and no drama."
nadzrah95,"End up putus for good but he kept pestering me to get married with him while he has no stable job at the moment and he cheated on me once due to LDR while I was staying faithful to him... that time he was 19, i was 21.. now he is married for 8 years, i'm single for 8 years.."
batrisyia.a_,"LDR sucks! Nak nak lagi tengah pregnant almost 34weeks. Saat-saat you perlukan moral support sangat sangat tapi husband takda bersama 🥹 sis emosi 😭😭 not blaming my husband, I understand its work thingy, he’s a very good husband, nothing but supportive. If there’s anything that I can blame, it’s definitely my hormones! I tak kuat LDR lama-lama 😭😭😭"
earvin_009,Realtak: LDR is not for everyone!.
_itsmeanggunnn,"For LDR, vc is a new idea of living together virtually"
wthmahalia,"Now I realized why LDR is considered as the highest standard of love devotion. Because loving someone without seeing them everyday is a proof that love is not only in front of our eyes, but also in our hearts. It’s like loving God, even tho we cannot see him."
fkhrl_zizi,"""Trust is also important since LDR, so both partners need to be responsible for their action, jangan buat partner jealous dngn orng yng dekat dngn dia, confort time over thinking, always communicate if ada problem. Lastly try not to cheat on you partner, just sbb distance tak bermaksud u should take a chance entertaining other people when he/she busy"""
carledward965,"LDR can be challenging, but they work when there’s trust, communication, and commitment from both sides. Regular check-ins and being honest about your feelings really help keep the connection strong."
adamday1968,"I had an LDR with my ex while I was arranging to move over to the other side of the world to be with her.
You need commitment, lots of video calls, lots of real conversations, and in our case, probably an unhealthy amount of sexting."
mimi_nm16,"Most couple stays in LDR (PJJ) because of the career. I could say most people saw us for the same reason. But sometimes deep inside my thought, I think we dont really fight to live together. "
hayaniismailisa,"Ngl, i thought my marriage gonna be fun, happy and full with excitement, as he promised before. It doesnt bother me much if there is a little pinch of salt and bitter, but no. We lost the spark the moment i gave birth and stop ldr. No more joking with each other, no more cuddling, no more soft spoken husband that he used to be. He only treated me nicely if only he wanna hs. Im tired of this shit. How to get back the spark??"
iiniiinn_,"Last relationship he ghost me without any closure and he text me back after 1 months he said ""i'm sorry i have gf here "" but it's okayyy i know that so hard to do LDR , and yappp he's happy rn and i'm still learning about anything happend."
barbrhodeshuseby,LD relationship for years. Always felt loved. Roses on my birthday. Talked almost every day. He’s using you as a convenience. Time to move on.
syahmi_x205,"aku LDR n last week gf aku mintak putus..doa la aku kuat dan cuba nak pertahankan hubungan kami dan cuba dapatkan dia semula..kami dah 5 tahun LDR, sebulan sekali jumpa"
youronlinekuya,"I was in an LDR relationship with a Single Mom for 5 months (We met at least once or twice a month, she's only 3 hours away), and here are things I learned in that relationship.
Disclaimer: This is an isolated case based on my experience. This is not a generalization.
Dear men of the Internet: I know you have a strong opinion about dating a single mom, so hold your horses. I am one of the few who learned from experience. "
kirizad24,I dont trust LDR. Based on previous history. Find a nearby person and available to meet is more convenience.
ariaaaaatot,ldr isn’t so hard if both people put in the effort. I know it’s a lot harder for people whose love language includes physical touch pero it’s just a matter of healthy communication.
n.yuhanis,"LDR never really worked for me. I’m more into simple, random dates — like balik kerja go dinner, pasar malam, teman cari barang, or just lepak tomyam. I value someone actually being there more than just having a relationship label. For me, real presence is important to build a connection. Words of affirmation don’t really resonate with me, so verbal reassurance alone isn’t enough. I need a partner who shows up and is physically present, acts of service matter more to me."
ummuzulaiqha,"Mostly peacefulness. Suami mmg bagi rse protected and safe etc but what i appreciate most is ketenangan yg wujud dlm hubungan kami. Tiada ""what ifs"" or doubts bcs of the trust he built from day one. Dulu selalu ovt macam2, skrg rse mcm ""its ok, if its happened, i hv hands to hold and a shoulder to cry on"". Walaupun LDR, Alhamdulillah Allah bagi rasa tenang kpd kami."
anisnafisha,"3 tahun kahwin, alhamdulillah 12 kali dah jumpa suami. LDR punya pasal"
theunlonelypisces,"When your LDR partner has been quiet and no contact for days after a small fight, does that mean ghosting? Despite giving him space and apologizing for times but still has no response. It's mindfucked to be honest. 😔"
kiro.hashi026,"""looking for bf"", ""looking for gf"" what's the point if it's ldr just use c.ai Bro 💔🙏🏻"
yuki21698,"My partner and i have a 13 hour time difference. We would call any chance we get, have movie dates and stay until one of us falls asleep. If we cant call, we chat, send reels, send pictures or random videos. We send each other care packages too.
I think LDR is the purest kind of love, cause you both love and stay loyal even when you dont see each other everyday. But LDR will only work when both of you make the effort to make it work. Good luck to you both! Remember, LDR wont last forever."
bengster_,"Hi, my partner and I deal with time differences since he works on a ship. His time usually changes depending on the country he’s in. As someone who has experienced an LDR setup, my advice is this: it’s okay not to be online or talking 24/7. A sense of individuality in a relationship is important, and you need balance for that. The fact that both of you are working and ending your days exhausted means you’re doing well. As a piece of advice keep the fire alive and be creative."
hrlyl2859,"Me and my husband 13 hrs difference. We speak everyday for atleast 30 min to 1 hour. And we txt everyday we talk daily things, random never ending topics , we gossip. I never feel tired of it. We both working too. We always excited to talk to each other. Been doin this since day 1 we know each other."
katiemanoooooo,"My partner has just asked me to give him some time. He said he has tried, and that he feels exhausted and overwhelmed with his job. We have a six-hour time difference, and we’ve been in a relationship for 1.5 years. Now I feel lost because he’s asking for “time.” Should I move on, or should I wait for him?
I told him that instead of taking a break, maybe it would be better to break up so he could focus on his life. But he cried and told me he doesn’t want to break up."
randomlykeito,"I just had a LDR from a game. And it seriously damaged me. It was all good when it started. Honeymoon phase was so sweet and addictive, promises and future plans together and all.. But as weeks go by and I got attached and everything got real my partner suddenly showed me avoidant redflags. And i didn't even know attachment styles that time. So I researched and tried to make it work, gave so much and received little+breadcrumbs in return.. We Broke up and got back together alot of times"
bapakberuang,"Aku jawab sebagai suami.
Caveat : And without knowing the depth of your relationship and whatever issue he is facing
Give him space but communicate and make him understand that you are here to listen & support him. IMPORTANT your hubby to know, You are ready for him whenever he is ready to open up.
If LDR, it will be powerful if you can be there for him physically, if he wanted it."
ayu.s___,"To all yang LDR dengan partner memasing, jangan give up tau korang. Communication is the key. If he wants, he would 🤍"
rosejane_janoplo,"If I were in an LDR and he treats me well, I really have no reason to complain."
amirarrianna,"Ldr & trusting his girl bestie. Last"" couple si dua mengkarung tu HAHAHAHAHA"
mmeggolee,"if this relationship doesn’t work out, i am NEVER doing long distance again bc this shit sucks bawls in so many ways"
d_janest,"as someone with vv little patience, I think I’m handling our LDR well"
jade.nyasia,I wish more men were open to long distance relationships.
beams_e10,"LDR only works if you both have at least Time, Money and Plan to bridge the LDR gap in the future, hindi pwedeng love lang. You are just scared of the past. Best thing to do is communicate, if pareho kayong willing to work it out then start asap. Express how you feel, your partner will never know everything thats been going on your mind and how you feel.
And please, never ever seek out the things you currently cant get from your partner with someone else.
Hope things get better soon 🙏"
matthewstudnek,LDR seldom work out. You should have kept it non monogamous so there is no cheating
only01gem,Why would you get in an LDR with someone who has a history of cheating?! It’s like you’re setting yourself up to be hurt. Drop him. Most LDRs don’t work anyway unless both parties involved want to make it work.
madcat001,"Long distance relationships rarely work, because people change."
adriansnrub,"Stop doing LDR and find a real relationship, based in reality, where you and your partner are supported by network of friends both mutual and separate, that make it less necessary (and less possible) to be avoidant or secretive while ensuring human connection needs are being met.
LDRs have false intensity, smoke and mirrors, real love isn’t based on desperate longing or romantic monologues it’s nurtured by shared values and compatibility with being in each other’s spaces long term."
the.peoples.pulpit,"I've been in two LDR's, and in my experience once those feelings occur you've become the other woman. It's usually best to close the gap ASAP or mover on."
rachelsidneyd,ldr is hard: you don't have someone to dress up for
llcarmenbabii1,Fuck long distance relationships this was my first and my last I hated it
peace.amidst.chaos,LDR didn't work for me. And i think it won't work 'cause one of my love language is physical touch.
notanastasia.30,Am I strong enough for an LDR?
joyosomiha,"Girl to Girl: If you're in a long distance relationship with a man for 8 months, and you've celebrated Christmas and Valentine's Day, yet he's never sent you a present or introduced you to his friends or family, what would you do?"
cherryblssm88,My trauma everyday haunts me. Decided to give him a chance after i found out that he cheated. Worst is LDR kami. Idk what to do anymore.
sandy.n1230,"I’m being on a long distance relationships for a month now, but we just texting every day but we never call or FaceTime yet is this normal?"
katarinaassam,"I hope it’s okay to post my advice here on long term relationships (as I’ve been in one for 3-4 years) - have a plan for when and how you’ll be living together, and go towards it. Uncertainty is not healthy to your self esteem. And you need your self esteem to build great relationships with your loved ones or not to be with the person who’s not good for you."
puspitasariyusuf,"Long distance relationship with time differences and we came from different culture .. yes its very challenging but when you find the right one, it more easier."
viridis.vulpis,"I absolutely agree with that, ldr is not easy but definitely it's worth it ❤️"
boss_bettie_3,"Long distance relationships only work when both people put in real effort.
It’s not just about texting “good morning” and “good night.”
It’s about consistency, reassurance, and making each other feel close even when you’re miles apart.
Distance doesn’t break relationships.
Lack of effort does….🌸"
_iryanienasir,"I ldr dgn husb since sblum kawin lgi.. alhamdulillah now dah 5 tahun kawin and ada seorang anak yg sangat mature than his age.. Alhamdulillah ❤️ smpai skrg masih lgi ldr.. tips,
- doa
- trust each other
- setia
Doakan kami bahagia hingga ke syurga.. aaminn 🤲🏻"
rolandalogdog,"Nope. It didn't work out. LDR courtship has a low probability of success. On my experience, it needs actual appearance and communication to build stronger bonds as a foundation for getting into LDR. Truthful conversations can be sensed and experienced with actual appearance and in that process building trust with each topic being talked about."
alferez1766,"My LDR work?
Things to Ponder:
* Connection and Attachment has been there.
* Our Love Relationship Is God's Will.
* Both sides has a Genuine Love
* Not Demanded
* Not Lustful
* Has Patience and Understanding
* God Is the Center of our Relationship."
iamgab_0423,worked for a couple of years
azucenagmadrigal,"ONLY people who used to be in a LDR but are now married, what is some advice you’d give to a young/new LDR couple? i don’t mean, “communication is key!” i mean some tips that others don’t really talk about or that only LDR couples would understand…?"
onna.na13,"Overthingking sampai kau jadi stress, LDR yang kurang dari setahun ok lagi,. Masuk thn ke-2, dah jarang call,wasap. Bertanya kabar setakat Hi, buat apa ? Sudah makan ? Jaga kesihatan ? Pastu senyap. Kadang lps bergaduh takde pujuk di biarkan mcm tu je sampai kau tawar hati. "
achilles_travel,"Imagine having a partner who chooses you every day, even when they can't hold your hand. Manifesting that LDR-proof kind of love. ✨"
yheeemm_,"LDRs are tough especially if your love language is quality time or physical touch, it’s hard not being able to see or be with the person regularly. But if the connection is strong, it can still work with effort and communication."
xxcevie,"LDR is fine. Both of you should know what healthy communication is, but it’s definitely not for the weak-hearted."
rhomardgzmn,"LDR, just like any other relationship, is built on trust and honesty. It will 100% work if you and your partner are mature enough and stay faithful to each other. 🫶"
yona_of.the.dawn_son,Not for the week. Needs much trust in each other. I just can imagine the difficulty if ones love languageis physicall touch.
vidya_____i,"If two people truly loves each other then it will work but it's like you are on the test run always, you need to avoid distraction actively."
aein._.0315,"Nothing works out dude, if both of you are not ready for anything 🫠"
darksknchris,"Long distance love is not for the weak. It tests your patience, your trust, and your emotions on days you really just want a hug instead of a phone call. You miss the little moments, the random pull ups, the quiet nights together. But it also teaches you how to love with intention, communicate with honesty, and appreciate consistency. Distance shows you that real love is not about access, it is about effort. And when it is real, the wait only makes the love stronger. 🖤🤞🏿"
yell_jenn,"I do believe a long-distance relationship can work, but only if it’s built on something real. I’m open to the idea, but I also value presence, honesty and emotional connection. For me, it has to feel steady, intentional and rooted in trust. I don’t need constant words- I need consistency, effort and the sense that it’s growing toward something true. Long distance isn’t scary when both hearts are steering toward each other."
lienjae,"When I was younger, I never believed in LDR, but that mindset changed. It can work if two people want it to work and have trust, honesty, and communication. Nothing is impossible. It just takes effort and consistency."
brandy.sly,I don't think long distance relationship will work how do you know what your partner is doing or who he is with
heneral_blackwolf88,"I met the father of my son, online year 2018, 2019 we're in a relationship. Sept. 2021 we see each other personally, so yeah it works. 🥹 But God had other plans, my partner passed away 2023 due to brain tumor, and left me a gift, our son."
tatie_sw,"It takes a lot of works but it would work
... with the right person and both have same goal. I had 3 years long distance relationship, across continent before married in 2006. We communicate back then only through emails and chat via yahoo messanger or skype. Sometimes sending each other sms because it was very expensive 😁 We only met once a year."
mama_h_78,"Well, my daughters' Dad (aka my ex-husband) lived in the US and I in Denmark. We dated long-distance for almost 4 years before I moved over there and stayed with him for an additional 10 years. This was before internet and cellphones (yeah, I'm old as dirt, lol).
Now, back in Denmark, I just ended a 14 months LDR with someone living in Germany.
There's pros and cons, but if the love and commitment is there, why shouldn't it work?"
michele_slenczka,"I’m in a long distance relationship for almost 3 years. It’s not easy, you have to love and trust each other for it to work."
rustyknightuk,"My last one started online, long distance (230 miles). She visited one weekend, and moved here two months later!
It lasted 12 years!"
lei_diannee,"I myself been in a 9yrs LDR it works but a few year but it ended due to his constant cheating.. a few year was fine and we are happy i guess he gets bored or something and still don’t get why he do that, we meet in person travel together twice a year..
LDR is not for everybody.. some work some didn’t but if you want to try go ahead take the risk as long as you are happy go.."
wonkybonkins,I had a long distance relationship for a year and a bit for moving to live with him. The long distance part was quite easy for me.
miguel669323,I was on a long distance relationship for 7 years and we married 2 years ago ❤️❤️❤️
ccolefree,"Long distance relationships rarely work out. To truly get to know someone, they need to spend a lot of time together in person and not chatting on the internet with occasional long distance trips to see each other for a few days."
glo.mut,"I wd never go for long distance, nope . What is the point if you can't meet someone, go out , ....."
