Username,Content,translated_experience,lowercased,emojis_removed,slangs_replaced,contractions_replaced,punctuations_removed,numbers_removed,spelling_corrected,stopwords_removed,stemmed_words,lemmatized
erykah___,Long distance is so hard. I'm in one right now and we live on different continents. But if the love is there it CAN work if the you have a plan to close the gap.,Long distance is so hard. I'm in one right now and we live on different continents. But if the love is there it CAN work if the you have a plan to close the gap.,long distance is so hard. i'm in one right now and we live on different continents. but if the love is there it can work if the you have a plan to close the gap.,long distance is so hard. i'm in one right now and we live on different continents. but if the love is there it can work if the you have a plan to close the gap.,long distance is so hard. i'm in one right now and we live on different continents. but if the love is there it can work if the you have a plan to close the gap.,long distance is so hard. i am in one right now and we live on different continents. but if the love is there it can work if the you have a plan to close the gap.,long distance is so hard i am in one right now and we live on different continents but if the love is there it can work if the you have a plan to close the gap,long distance is so hard i am in one right now and we live on different continents but if the love is there it can work if the you have a plan to close the gap,long distance is so hard i am in one right now and we live on different continents but if the love is there it can work if the you have a plan to close the gap,long distance hard one right live different continents love work plan close gap,long distanc hard one right live differ contin love work plan close gap,long distance hard one right live different continent love work plan close gap
yungtrin,long distance is horrendous if you don't have the same attachment style,long distance is horrendous if you don't have the same attachment style,long distance is horrendous if you don't have the same attachment style,long distance is horrendous if you don't have the same attachment style,long distance is horrendous if you don't have the same attachment style,long distance is horrendous if you do not have the same attachment style,long distance is horrendous if you do not have the same attachment style,long distance is horrendous if you do not have the same attachment style,long distance is horrendous if you do not have the same attachment style,long distance horrendous attachment style,long distanc horrend attach style,long distance horrendous attachment style
amoiursvff,yes yes communicate is a must ???? even we're not really ldr and jarang jumpa. we never stop communicate bcs he know i hate being alone ??,yes yes communicate is a must ???? even we're not really ldr and jarang jumpa. we never stop communicate bcs he know i hate being alone ??,yes yes communicate is a must ???? even we're not really ldr and jarang jumpa. we never stop communicate bcs he know i hate being alone ??,yes yes communicate is a must ???? even we're not really ldr and jarang jumpa. we never stop communicate bcs he know i hate being alone ??,yes yes communicate is a must ???? even we're not really ldr and jarang jumpa. we never stop communicate bcs he know i hate being alone ??,yes yes communicate is a must ???? even we are not really ldr and jarang jumpa. we never stop communicate bcs he know i hate being alone ??,yes yes communicate is a must  even we are not really ldr and jarang jumpa we never stop communicate bcs he know i hate being alone ,yes yes communicate is a must  even we are not really ldr and jarang jumpa we never stop communicate bcs he know i hate being alone ,yes yes communicate is a must even we are not really ldr and japan jump we never stop communicate bcs he know i hate being alone,yes yes communicate must even really ldr japan jump never stop communicate bcs know hate alone,ye ye commun must even realli ldr japan jump never stop commun bc know hate alon,yes yes communicate must even really ldr japan jump never stop communicate bcs know hate alone
smolleyaa,Ldr is very ok if dua2 trust each other & tahu hala tuju ??,Ldr is very ok if dua2 trust each other & tahu hala tuju ??,ldr is very ok if dua2 trust each other & tahu hala tuju ??,ldr is very ok if dua2 trust each other & tahu hala tuju ??,ldr is very ok if dua2 trust each other & tahu hala tuju ??,ldr is very ok if dua2 trust each other & tahu hala tuju ??,ldr is very ok if dua2 trust each other  tahu hala tuju ,ldr is very ok if dua trust each other  tahu hala tuju ,ldr is very ok if dua trust each other tau half turn,ldr ok dua trust tau half turn,ldr ok dua trust tau half turn,ldr ok dua trust tau half turn
anu12.25.24,"just 3 months long distance relationship,,,, but I feel like 3 years relationship ?????? that is so different feel ???? but in relationships we must keep understand first than u can go until marriage","just 3 months long distance relationship,,,, but I feel like 3 years relationship ?????? that is so different feel ???? but in relationships we must keep understand first than u can go until marriage","just 3 months long distance relationship,,,, but i feel like 3 years relationship ?????? that is so different feel ???? but in relationships we must keep understand first than u can go until marriage","just 3 months long distance relationship,,,, but i feel like 3 years relationship ?????? that is so different feel ???? but in relationships we must keep understand first than u can go until marriage","just 3 months long distance relationship,,,, but i feel like 3 years relationship ?????? that is so different feel ???? but in relationships we must keep understand first than u can go until marriage","just 3 months long distance relationship,,,, but i feel like 3 years relationship ?????? that is so different feel ???? but in relationships we must keep understand first than u can go until marriage",just 3 months long distance relationship but i feel like 3 years relationship  that is so different feel  but in relationships we must keep understand first than u can go until marriage,just  months long distance relationship but i feel like  years relationship  that is so different feel  but in relationships we must keep understand first than u can go until marriage,just months long distance relationship but i feel like years relationship that is so different feel but in relationships we must keep understand first than u can go until marriage,months long distance relationship feel like years relationship different feel relationships must keep understand first u go marriage,month long distanc relationship feel like year relationship differ feel relationship must keep understand first u go marriag,month long distance relationship feel like year relationship different feel relationship must keep understand first u go marriage
elyrastudio.co," When it's the right person, distance doesn't feel like waiting it feels like building something worth coming home to.","When it's the right person, distance doesn't feel like waiting it feels like building something worth coming home to.","when it's the right person, distance doesn't feel like waiting it feels like building something worth coming home to.","when it's the right person, distance doesn't feel like waiting it feels like building something worth coming home to.","when it's the right person, distance doesn't feel like waiting it feels like building something worth coming home to.","when it is the right person, distance does not feel like waiting it feels like building something worth coming home to.",when it is the right person distance does not feel like waiting it feels like building something worth coming home to,when it is the right person distance does not feel like waiting it feels like building something worth coming home to,when it is the right person distance does not feel like waiting it feels like building something worth coming home to,right person distance feel like waiting feels like building something worth coming home,right person distanc feel like wait feel like build someth worth come home,right person distance feel like wait feel like build something worth come home
yrrmyraa,bertahun ldr..sakit sangat bila kita perlukan dia tapi dia jauh..boleh cerita through phone saja..kalau dapat jumpa pun sekejap je lepastu ldr balik berbulan bulan :(,I dated for many years.. it hurts so much when we need him but he is far away.. we can just tell him through the phone.. if we can see him even for a moment then he will return for months :(,i dated for many years.. it hurts so much when we need him but he is far away.. we can just tell him through the phone.. if we can see him even for a moment then he will return for months :(,i dated for many years.. it hurts so much when we need him but he is far away.. we can just tell him through the phone.. if we can see him even for a moment then he will return for months :(,i dated for many years.. it hurts so much when we need him but he is far away.. we can just tell him through the phone.. if we can see him even for a moment then he will return for months :(,i dated for many years.. it hurts so much when we need him but he is far away.. we can just tell him through the phone.. if we can see him even for a moment then he will return for months :(,i dated for many years it hurts so much when we need him but he is far away we can just tell him through the phone if we can see him even for a moment then he will return for months ,i dated for many years it hurts so much when we need him but he is far away we can just tell him through the phone if we can see him even for a moment then he will return for months ,i dated for many years it hurts so much when we need him but he is far away we can just tell him through the phone if we can see him even for a moment then he will return for months,dated many years hurts much need far away tell phone see even moment return months,date mani year hurt much need far away tell phone see even moment return month,date many year hurt much need far away tell phone see even moment return month
aries110484,"Im in a long distance relationship for nine years been through good and bad,starting was hard but now everything is worth it,we are getting married on my birthday I can't wait??","Im in a long distance relationship for nine years been through good and bad,starting was hard but now everything is worth it,we are getting married on my birthday I can't wait??","im in a long distance relationship for nine years been through good and bad,starting was hard but now everything is worth it,we are getting married on my birthday i can't wait??","im in a long distance relationship for nine years been through good and bad,starting was hard but now everything is worth it,we are getting married on my birthday i can't wait??","im in a long distance relationship for nine years been through good and bad,starting was hard but now everything is worth it,we are getting married on my birthday i can't wait??","im in a long distance relationship for nine years been through good and bad,starting was hard but now everything is worth it,we are getting married on my birthday i cannot wait??",im in a long distance relationship for nine years been through good and badstarting was hard but now everything is worth itwe are getting married on my birthday i cannot wait,im in a long distance relationship for nine years been through good and badstarting was hard but now everything is worth itwe are getting married on my birthday i cannot wait,im in a long distance relationship for nine years been through good and badstarting was hard but now everything is worth ite are getting married on my birthday i cannot wait,im long distance relationship nine years good badstarting hard everything worth ite getting married birthday cannot wait,im long distanc relationship nine year good badstart hard everyth worth ite get marri birthday cannot wait,im long distance relationship nine year good badstarting hard everything worth ite get married birthday can not wait
cmurrell19,Long distance isn't for the weak,Long distance isn't for the weak,long distance isn't for the weak,long distance isn't for the weak,long distance isn't for the weak,long distance is not for the weak,long distance is not for the weak,long distance is not for the weak,long distance is not for the weak,long distance weak,long distanc weak,long distance weak
josefine24000,just married my long distance boyfriend of 11 years??we are still long distance tho... 5000 km away??,just married my long distance boyfriend of 11 years??we are still long distance tho... 5000 km away??,just married my long distance boyfriend of 11 years??we are still long distance tho... 5000 km away??,just married my long distance boyfriend of 11 years??we are still long distance tho... 5000 km away??,just married my long distance boyfriend of 11 years??we are still long distance tho... 5000 km away??,just married my long distance boyfriend of 11 years??we are still long distance tho... 5000 km away??,just married my long distance boyfriend of 11 yearswe are still long distance tho 5000 km away,just married my long distance boyfriend of  yearswe are still long distance tho  km away,just married my long distance boyfriend of years are still long distance tho km away,married long distance boyfriend years still long distance tho km away,marri long distanc boyfriend year still long distanc tho km away,marry long distance boyfriend year still long distance tho km away
reenie1616," long distance during college was lowkey the best thing for my relationship, we would not be as strong and healthy and individually as successful if we werent LD","long distance during college was lowkey the best thing for my relationship, we would not be as strong and healthy and individually as successful if we werent LD","long distance during college was lowkey the best thing for my relationship, we would not be as strong and healthy and individually as successful if we werent ld","long distance during college was lowkey the best thing for my relationship, we would not be as strong and healthy and individually as successful if we werent ld","long distance during college was lowkey the best thing for my relationship, we would not be as strong and healthy and individually as successful if we werent ld","long distance during college was lowkey the best thing for my relationship, we would not be as strong and healthy and individually as successful if we werent ld",long distance during college was lowkey the best thing for my relationship we would not be as strong and healthy and individually as successful if we werent ld,long distance during college was lowkey the best thing for my relationship we would not be as strong and healthy and individually as successful if we werent ld,long distance during college was hockey the best thing for my relationship we would not be as strong and healthy and individually as successful if we weren ld,long distance college hockey best thing relationship would strong healthy individually successful ld,long distanc colleg hockey best thing relationship would strong healthi individu success ld,long distance college hockey best thing relationship would strong healthy individually successful ld
lovehustle_diaries,"Long distance isn't for the weak. On my quiet days, I wish we didn't have to deal with time zones, missed calls, and empty hugs. I wish we could go on random dates, hold each other during rough days, or just exist side by side.But more than the ache of distance, I carry this bigger kind of love - the kind that still roots for you even when you're far away. I want to see you win, to be healthy, happy, and fulfilled. Because love isn't just about being together physically. It's about growing, sacrificing, and holding on to hope - that one day, all this distance will turn into a home we finally share????????","Long distance isn't for the weak. On my quiet days, I wish we didn't have to deal with time zones, missed calls, and empty hugs. I wish we could go on random dates, hold each other during rough days, or just exist side by side.But more than the ache of distance, I carry this bigger kind of love - the kind that still roots for you even when you're far away. I want to see you win, to be healthy, happy, and fulfilled. Because love isn't just about being together physically. It's about growing, sacrificing, and holding on to hope - that one day, all this distance will turn into a home we finally share????????","long distance isn't for the weak. on my quiet days, i wish we didn't have to deal with time zones, missed calls, and empty hugs. i wish we could go on random dates, hold each other during rough days, or just exist side by side.but more than the ache of distance, i carry this bigger kind of love - the kind that still roots for you even when you're far away. i want to see you win, to be healthy, happy, and fulfilled. because love isn't just about being together physically. it's about growing, sacrificing, and holding on to hope - that one day, all this distance will turn into a home we finally share????????","long distance isn't for the weak. on my quiet days, i wish we didn't have to deal with time zones, missed calls, and empty hugs. i wish we could go on random dates, hold each other during rough days, or just exist side by side.but more than the ache of distance, i carry this bigger kind of love - the kind that still roots for you even when you're far away. i want to see you win, to be healthy, happy, and fulfilled. because love isn't just about being together physically. it's about growing, sacrificing, and holding on to hope - that one day, all this distance will turn into a home we finally share????????","long distance isn't for the weak. on my quiet days, i wish we didn't have to deal with time zones, missed calls, and empty hugs. i wish we could go on random dates, hold each other during rough days, or just exist side by side.but more than the ache of distance, i carry this bigger kind of love - the kind that still roots for you even when you're far away. i want to see you win, to be healthy, happy, and fulfilled. because love isn't just about being together physically. it's about growing, sacrificing, and holding on to hope - that one day, all this distance will turn into a home we finally share????????","long distance is not for the weak. on my quiet days, i wish we did not have to deal with time zones, missed calls, and empty hugs. i wish we could go on random dates, hold each other during rough days, or just exist side by side.but more than the ache of distance, i carry this bigger kind of love - the kind that still roots for you even when you are far away. i want to see you win, to be healthy, happy, and fulfilled. because love is not just about being together physically. it is about growing, sacrificing, and holding on to hope - that one day, all this distance will turn into a home we finally share????????",long distance is not for the weak on my quiet days i wish we did not have to deal with time zones missed calls and empty hugs i wish we could go on random dates hold each other during rough days or just exist side by sidebut more than the ache of distance i carry this bigger kind of love  the kind that still roots for you even when you are far away i want to see you win to be healthy happy and fulfilled because love is not just about being together physically it is about growing sacrificing and holding on to hope  that one day all this distance will turn into a home we finally share,long distance is not for the weak on my quiet days i wish we did not have to deal with time zones missed calls and empty hugs i wish we could go on random dates hold each other during rough days or just exist side by sidebut more than the ache of distance i carry this bigger kind of love  the kind that still roots for you even when you are far away i want to see you win to be healthy happy and fulfilled because love is not just about being together physically it is about growing sacrificing and holding on to hope  that one day all this distance will turn into a home we finally share,long distance is not for the weak on my quiet days i wish we did not have to deal with time zones missed calls and empty hugs i wish we could go on random dates hold each other during rough days or just exist side by debut more than the acre of distance i carry this bigger kind of love the kind that still roots for you even when you are far away i want to see you win to be healthy happy and fulfilled because love is not just about being together physically it is about growing sacrificing and holding on to hope that one day all this distance will turn into a home we finally share,long distance weak quiet days wish deal time zones missed calls empty hugs wish could go random dates hold rough days exist side debut acre distance carry bigger kind love kind still roots even far away want see win healthy happy fulfilled love together physically growing sacrificing holding hope one day distance turn home finally share,long distanc weak quiet day wish deal time zone miss call empti hug wish could go random date hold rough day exist side debut acr distanc carri bigger kind love kind still root even far away want see win healthi happi fulfil love togeth physic grow sacrif hold hope one day distanc turn home final share,long distance weak quiet day wish deal time zone miss call empty hug wish could go random date hold rough day exist side debut acre distance carry big kind love kind still root even far away want see win healthy happy fulfil love together physically grow sacrifice hold hope one day distance turn home finally share
elysegallagher21,I fear long distance just makes me more more independent and a girl boss but the moment I'm with him i know I'm taken care of and honestly it's the best,I fear long distance just makes me more more independent and a girl boss but the moment I'm with him i know I'm taken care of and honestly it's the best,i fear long distance just makes me more more independent and a girl boss but the moment i'm with him i know i'm taken care of and honestly it's the best,i fear long distance just makes me more more independent and a girl boss but the moment i'm with him i know i'm taken care of and honestly it's the best,i fear long distance just makes me more more independent and a girl boss but the moment i'm with him i know i'm taken care of and honestly it's the best,i fear long distance just makes me more more independent and a girl boss but the moment i am with him i know i am taken care of and honestly it is the best,i fear long distance just makes me more more independent and a girl boss but the moment i am with him i know i am taken care of and honestly it is the best,i fear long distance just makes me more more independent and a girl boss but the moment i am with him i know i am taken care of and honestly it is the best,i fear long distance just makes me more more independent and a girl boss but the moment i am with him i know i am taken care of and honestly it is the best,fear long distance makes independent girl boss moment know taken care honestly best,fear long distanc make independ girl boss moment know taken care honestli best,fear long distance make independent girl bos moment know take care honestly best
annnnna_c,Long distance ended my relationship ??,Long distance ended my relationship ??,long distance ended my relationship ??,long distance ended my relationship ??,long distance ended my relationship ??,long distance ended my relationship ??,long distance ended my relationship ,long distance ended my relationship ,long distance ended my relationship,long distance ended relationship,long distanc end relationship,long distance end relationship
vesselsxx,"i was in a LDR for 5 yrs, things gotten very overwhelming for both of us mentally. we call it quits after really trying hard. knowing anyone in a LDR, that gotten to marriage just makes me smile. if his the right guy, right time, hang on. time will tell.","i was in a LDR for 5 yrs, things gotten very overwhelming for both of us mentally. we call it quits after really trying hard. knowing anyone in a LDR, that gotten to marriage just makes me smile. if his the right guy, right time, hang on. time will tell.","i was in a ldr for 5 yrs, things gotten very overwhelming for both of us mentally. we call it quits after really trying hard. knowing anyone in a ldr, that gotten to marriage just makes me smile. if his the right guy, right time, hang on. time will tell.","i was in a ldr for 5 yrs, things gotten very overwhelming for both of us mentally. we call it quits after really trying hard. knowing anyone in a ldr, that gotten to marriage just makes me smile. if his the right guy, right time, hang on. time will tell.","i was in a ldr for 5 yrs, things gotten very overwhelming for both of us mentally. we call it quits after really trying hard. knowing anyone in a ldr, that gotten to marriage just makes me smile. if his the right guy, right time, hang on. time will tell.","i was in a ldr for 5 yrs, things gotten very overwhelming for both of us mentally. we call it quits after really trying hard. knowing anyone in a ldr, that gotten to marriage just makes me smile. if his the right guy, right time, hang on. time will tell.",i was in a ldr for 5 yrs things gotten very overwhelming for both of us mentally we call it quits after really trying hard knowing anyone in a ldr that gotten to marriage just makes me smile if his the right guy right time hang on time will tell,i was in a ldr for  yrs things gotten very overwhelming for both of us mentally we call it quits after really trying hard knowing anyone in a ldr that gotten to marriage just makes me smile if his the right guy right time hang on time will tell,i was in a ldr for yrs things gotten very overwhelming for both of us mentally we call it quits after really trying hard knowing anyone in a ldr that gotten to marriage just makes me smile if his the right guy right time hang on time will tell,ldr yrs things gotten overwhelming us mentally call quits really trying hard knowing anyone ldr gotten marriage makes smile right guy right time hang time tell,ldr yr thing gotten overwhelm us mental call quit realli tri hard know anyon ldr gotten marriag make smile right guy right time hang time tell,ldr yrs thing get overwhelm u mentally call quits really try hard know anyone ldr gotten marriage make smile right guy right time hang time tell
adelina1796,Long distance is the hardest but so so worth it!!! ??,Long distance is the hardest but so so worth it!!! ??,long distance is the hardest but so so worth it!!! ??,long distance is the hardest but so so worth it!!! ??,long distance is the hardest but so so worth it!!! ??,long distance is the hardest but so so worth it!!! ??,long distance is the hardest but so so worth it ,long distance is the hardest but so so worth it ,long distance is the hardest but so so worth it,long distance hardest worth,long distanc hardest worth,long distance hard worth
onlinebookshelf_,Agreed!! I never thought I'd want an LDR but me and my bf fell in love and LDR makes our relationship deeper. I know his soul,Agreed!! I never thought I'd want an LDR but me and my bf fell in love and LDR makes our relationship deeper. I know his soul,agreed!! i never thought i'd want an ldr but me and my bf fell in love and ldr makes our relationship deeper. i know his soul,agreed!! i never thought i'd want an ldr but me and my bf fell in love and ldr makes our relationship deeper. i know his soul,agreed!! i never thought i'd want an ldr but me and my bf fell in love and ldr makes our relationship deeper. i know his soul,agreed!! i never thought i would want an ldr but me and my bf fell in love and ldr makes our relationship deeper. i know his soul,agreed i never thought i would want an ldr but me and my bf fell in love and ldr makes our relationship deeper i know his soul,agreed i never thought i would want an ldr but me and my bf fell in love and ldr makes our relationship deeper i know his soul,agreed i never thought i would want an ldr but me and my bf fell in love and ldr makes our relationship deeper i know his soul,agreed never thought would want ldr bf fell love ldr makes relationship deeper know soul,agre never thought would want ldr bf fell love ldr make relationship deeper know soul,agree never think would want ldr bf fell love ldr make relationship deeper know soul
piapatell22,The older daughter syndrome works well for long distance,The older daughter syndrome works well for long distance,the older daughter syndrome works well for long distance,the older daughter syndrome works well for long distance,the older daughter syndrome works well for long distance,the older daughter syndrome works well for long distance,the older daughter syndrome works well for long distance,the older daughter syndrome works well for long distance,the older daughter syndrome works well for long distance,older daughter syndrome works well long distance,older daughter syndrom work well long distanc,old daughter syndrome work well long distance
tyjoshty,my long distance partner broke up with me yesterday and I feel empty,my long distance partner broke up with me yesterday and I feel empty,my long distance partner broke up with me yesterday and i feel empty,my long distance partner broke up with me yesterday and i feel empty,my long distance partner broke up with me yesterday and i feel empty,my long distance partner broke up with me yesterday and i feel empty,my long distance partner broke up with me yesterday and i feel empty,my long distance partner broke up with me yesterday and i feel empty,my long distance partner broke up with me yesterday and i feel empty,long distance partner broke yesterday feel empty,long distanc partner broke yesterday feel empti,long distance partner break yesterday feel empty
likahadii,"LDR isn't always hard, saling mengerti kalo sama2 punya tujuan, keperluan dan sama2 punya hal yang di lakukan, jadinya ga ada yang bosen yang malah jadinya tergantung sama yang lain","LDR isn't always hard, understand each other if you both have goals, needs and both have things to do, so no one gets bored and instead becomes dependent on the other","ldr isn't always hard, understand each other if you both have goals, needs and both have things to do, so no one gets bored and instead becomes dependent on the other","ldr isn't always hard, understand each other if you both have goals, needs and both have things to do, so no one gets bored and instead becomes dependent on the other","ldr isn't always hard, understand each other if you both have goals, needs and both have things to do, so no one gets bored and instead becomes dependent on the other","ldr is not always hard, understand each other if you both have goals, needs and both have things to do, so no one gets bored and instead becomes dependent on the other",ldr is not always hard understand each other if you both have goals needs and both have things to do so no one gets bored and instead becomes dependent on the other,ldr is not always hard understand each other if you both have goals needs and both have things to do so no one gets bored and instead becomes dependent on the other,ldr is not always hard understand each other if you both have goals needs and both have things to do so no one gets bored and instead becomes dependent on the other,ldr always hard understand goals needs things one gets bored instead becomes dependent,ldr alway hard understand goal need thing one get bore instead becom depend,ldr always hard understand goal need thing one get bore instead become dependent
shootaa_03," Thank god we only met once while long distance and that was the day I moved in,I couldn't imagine having to say goodbye to her","Thank god we only met once while long distance and that was the day I moved in,I couldn't imagine having to say goodbye to her","thank god we only met once while long distance and that was the day i moved in,i couldn't imagine having to say goodbye to her","thank god we only met once while long distance and that was the day i moved in,i couldn't imagine having to say goodbye to her","thank god we only met once while long distance and that was the day i moved in,i couldn't imagine having to say goodbye to her","thank god we only met once while long distance and that was the day i moved in,i could not imagine having to say goodbye to her",thank god we only met once while long distance and that was the day i moved ini could not imagine having to say goodbye to her,thank god we only met once while long distance and that was the day i moved ini could not imagine having to say goodbye to her,thank god we only met once while long distance and that was the day i moved ini could not imagine having to say goodbye to her,thank god met long distance day moved ini could imagine say goodbye,thank god met long distanc day move ini could imagin say goodby,thank god meet long distance day move ini could imagine say goodbye
jennyvillanueva.p,"Ldr is considered the highest standard of love devotion. Because loving someone without seeing them everyday is a proof that love is not only infront of your eyes, but also in our heart","Ldr is considered the highest standard of love devotion. Because loving someone without seeing them everyday is a proof that love is not only infront of your eyes, but also in our heart","ldr is considered the highest standard of love devotion. because loving someone without seeing them everyday is a proof that love is not only infront of your eyes, but also in our heart","ldr is considered the highest standard of love devotion. because loving someone without seeing them everyday is a proof that love is not only infront of your eyes, but also in our heart","ldr is considered the highest standard of love devotion. because loving someone without seeing them everyday is a proof that love is not only infront of your eyes, but also in our heart","ldr is considered the highest standard of love devotion. because loving someone without seeing them everyday is a proof that love is not only infront of your eyes, but also in our heart",ldr is considered the highest standard of love devotion because loving someone without seeing them everyday is a proof that love is not only infront of your eyes but also in our heart,ldr is considered the highest standard of love devotion because loving someone without seeing them everyday is a proof that love is not only infront of your eyes but also in our heart,ldr is considered the highest standard of love devotion because loving someone without seeing them everyday is a proof that love is not only front of your eyes but also in our heart,ldr considered highest standard love devotion loving someone without seeing everyday proof love front eyes also heart,ldr consid highest standard love devot love someon without see everyday proof love front eye also heart,ldr consider high standard love devotion love someone without see everyday proof love front eye also heart
anel.vanessa.1,"Here almost 7 years in long distance relationship, and we are getting married very soon ???","Here almost 7 years in long distance relationship, and we are getting married very soon ???","here almost 7 years in long distance relationship, and we are getting married very soon ???","here almost 7 years in long distance relationship, and we are getting married very soon ???","here almost 7 years in long distance relationship, and we are getting married very soon ???","here almost 7 years in long distance relationship, and we are getting married very soon ???",here almost 7 years in long distance relationship and we are getting married very soon ,here almost  years in long distance relationship and we are getting married very soon ,here almost years in long distance relationship and we are getting married very soon,almost years long distance relationship getting married soon,almost year long distanc relationship get marri soon,almost year long distance relationship get marry soon
jessie_xoxo22,"Honestly, it's the best relationship I've ever been in. We're 276 miles apart but soon to be closing that gap ??","Honestly, it's the best relationship I've ever been in. We're 276 miles apart but soon to be closing that gap ??","honestly, it's the best relationship i've ever been in. we're 276 miles apart but soon to be closing that gap ??","honestly, it's the best relationship i've ever been in. we're 276 miles apart but soon to be closing that gap ??","honestly, it's the best relationship i've ever been in. we're 276 miles apart but soon to be closing that gap ??","honestly, it is the best relationship i have ever been in. we are 276 miles apart but soon to be closing that gap ??",honestly it is the best relationship i have ever been in we are 276 miles apart but soon to be closing that gap ,honestly it is the best relationship i have ever been in we are  miles apart but soon to be closing that gap ,honestly it is the best relationship i have ever been in we are miles apart but soon to be closing that gap,honestly best relationship ever miles apart soon closing gap,honestli best relationship ever mile apart soon close gap,honestly best relationship ever mile apart soon close gap
shalynstark,"this is so real omg (me and my bf are in a ldr) and yess omg i try telling this to everyone cus the first thing people say when i say we're in a ldr is ""aw im sorry"" or smth like that but nooo the connection we've built is so strong and genuine, and yes ofc it sucks not being able to hold him but it makes it so worth the wait and so exciting when i do get to see him again ??","this is so real omg (me and my bf are in a ldr) and yess omg i try telling this to everyone cus the first thing people say when i say we're in a ldr is ""aw im sorry"" or smth like that but nooo the connection we've built is so strong and genuine, and yes ofc it sucks not being able to hold him but it makes it so worth the wait and so exciting when i do get to see him again ??","this is so real omg (me and my bf are in a ldr) and yess omg i try telling this to everyone cus the first thing people say when i say we're in a ldr is ""aw im sorry"" or smth like that but nooo the connection we've built is so strong and genuine, and yes ofc it sucks not being able to hold him but it makes it so worth the wait and so exciting when i do get to see him again ??","this is so real omg (me and my bf are in a ldr) and yess omg i try telling this to everyone cus the first thing people say when i say we're in a ldr is ""aw im sorry"" or smth like that but nooo the connection we've built is so strong and genuine, and yes ofc it sucks not being able to hold him but it makes it so worth the wait and so exciting when i do get to see him again ??","this is so real oh my god (me and my bf are in a ldr) and yess oh my god i try telling this to everyone cus the first thing people say when i say we're in a ldr is ""aw im sorry"" or smth like that but nooo the connection we've built is so strong and genuine, and yes ofc it sucks not being able to hold him but it makes it so worth the wait and so exciting when i do get to see him again ??","this is so real oh my god (me and my bf are in a ldr) and yess oh my god i try telling this to everyone cus the first thing people say when i say we are in a ldr is ""aw im sorry"" or smth like that but nooo the connection we have built is so strong and genuine, and yes ofc it sucks not being able to hold him but it makes it so worth the wait and so exciting when i do get to see him again ??",this is so real oh my god me and my bf are in a ldr and yess oh my god i try telling this to everyone cus the first thing people say when i say we are in a ldr is aw im sorry or smth like that but nooo the connection we have built is so strong and genuine and yes ofc it sucks not being able to hold him but it makes it so worth the wait and so exciting when i do get to see him again ,this is so real oh my god me and my bf are in a ldr and yess oh my god i try telling this to everyone cus the first thing people say when i say we are in a ldr is aw im sorry or smth like that but nooo the connection we have built is so strong and genuine and yes ofc it sucks not being able to hold him but it makes it so worth the wait and so exciting when i do get to see him again ,this is so real oh my god me and my bf are in a ldr and yes oh my god i try telling this to everyone us the first thing people say when i say we are in a ldr is aw im sorry or smith like that but noon the connection we have built is so strong and genuine and yes ofc it sucks not being able to hold him but it makes it so worth the wait and so exciting when i do get to see him again,real oh god bf ldr yes oh god try telling everyone us first thing people say say ldr aw im sorry smith like noon connection built strong genuine yes ofc sucks able hold makes worth wait exciting get see,real oh god bf ldr ye oh god tri tell everyon us first thing peopl say say ldr aw im sorri smith like noon connect built strong genuin ye ofc suck abl hold make worth wait excit get see,real oh god bf ldr yes oh god try tell everyone u first thing people say say ldr aw im sorry smith like noon connection build strong genuine yes ofc suck able hold make worth wait excite get see
rvtt1ngboii,"in a long distance relationship currently, it IS hard but thats what makes it special when we see eachother. The moment i touch his skin i am instantly home again. ??","in a long distance relationship currently, it IS hard but thats what makes it special when we see eachother. The moment i touch his skin i am instantly home again. ??","in a long distance relationship currently, it is hard but thats what makes it special when we see eachother. the moment i touch his skin i am instantly home again. ??","in a long distance relationship currently, it is hard but thats what makes it special when we see eachother. the moment i touch his skin i am instantly home again. ??","in a long distance relationship currently, it is hard but thats what makes it special when we see eachother. the moment i touch his skin i am instantly home again. ??","in a long distance relationship currently, it is hard but thats what makes it special when we see eachother. the moment i touch his skin i am instantly home again. ??",in a long distance relationship currently it is hard but thats what makes it special when we see eachother the moment i touch his skin i am instantly home again ,in a long distance relationship currently it is hard but thats what makes it special when we see eachother the moment i touch his skin i am instantly home again ,in a long distance relationship currently it is hard but thats what makes it special when we see eachother the moment i touch his skin i am instantly home again,long distance relationship currently hard thats makes special see eachother moment touch skin instantly home,long distanc relationship current hard that make special see eachoth moment touch skin instantli home,long distance relationship currently hard thats make special see eachother moment touch skin instantly home
kaylascutethings,"My boyfriend & I were long distance for two years, & now we're living together! It's so crazy to think back to all of the times I cried because I wanted to fast forward to this, & now I'm here ??","My boyfriend & I were long distance for two years, & now we're living together! It's so crazy to think back to all of the times I cried because I wanted to fast forward to this, & now I'm here ??","my boyfriend & i were long distance for two years, & now we're living together! it's so crazy to think back to all of the times i cried because i wanted to fast forward to this, & now i'm here ??","my boyfriend & i were long distance for two years, & now we're living together! it's so crazy to think back to all of the times i cried because i wanted to fast forward to this, & now i'm here ??","my boyfriend & i were long distance for two years, & now we're living together! it's so crazy to think back to all of the times i cried because i wanted to fast forward to this, & now i'm here ??","my boyfriend & i were long distance for two years, & now we are living together! it is so crazy to think back to all of the times i cried because i wanted to fast forward to this, & now i am here ??",my boyfriend  i were long distance for two years  now we are living together it is so crazy to think back to all of the times i cried because i wanted to fast forward to this  now i am here ,my boyfriend  i were long distance for two years  now we are living together it is so crazy to think back to all of the times i cried because i wanted to fast forward to this  now i am here ,my boyfriend i were long distance for two years now we are living together it is so crazy to think back to all of the times i cried because i wanted to fast forward to this now i am here,boyfriend long distance two years living together crazy think back times cried wanted fast forward,boyfriend long distanc two year live togeth crazi think back time cri want fast forward,boyfriend long distance two year live together crazy think back time cry wanted fast forward
agusdee_,"7 years of long distance, married last year ????????????????and hopefully this year we finally get to live in the same place. No more goodbyes. ??????","7 years of long distance, married last year ????????????????and hopefully this year we finally get to live in the same place. No more goodbyes. ??????","7 years of long distance, married last year ????????????????and hopefully this year we finally get to live in the same place. no more goodbyes. ??????","7 years of long distance, married last year ????????????????and hopefully this year we finally get to live in the same place. no more goodbyes. ??????","7 years of long distance, married last year ????????????????and hopefully this year we finally get to live in the same place. no more goodbyes. ??????","7 years of long distance, married last year ????????????????and hopefully this year we finally get to live in the same place. no more goodbyes. ??????",7 years of long distance married last year and hopefully this year we finally get to live in the same place no more goodbyes , years of long distance married last year and hopefully this year we finally get to live in the same place no more goodbyes ,years of long distance married last year and hopefully this year we finally get to live in the same place no more goodbye,years long distance married last year hopefully year finally get live place goodbye,year long distanc marri last year hope year final get live place goodby,year long distance marry last year hopefully year finally get live place goodbye
averynieto6,We did off and on long distance for 8 months then realized that it would be permanent long distance for the next 3 years and 2 weeks later we broke up we've been broken up for almost 3 months and I miss him everyday I wasn believe that we can get back together but I know deep down it will never work,We did off and on long distance for 8 months then realized that it would be permanent long distance for the next 3 years and 2 weeks later we broke up we've been broken up for almost 3 months and I miss him everyday I wasn believe that we can get back together but I know deep down it will never work,we did off and on long distance for 8 months then realized that it would be permanent long distance for the next 3 years and 2 weeks later we broke up we've been broken up for almost 3 months and i miss him everyday i wasn believe that we can get back together but i know deep down it will never work,we did off and on long distance for 8 months then realized that it would be permanent long distance for the next 3 years and 2 weeks later we broke up we've been broken up for almost 3 months and i miss him everyday i wasn believe that we can get back together but i know deep down it will never work,we did off and on long distance for 8 months then realized that it would be permanent long distance for the next 3 years and 2 weeks later we broke up we've been broken up for almost 3 months and i miss him everyday i wasn believe that we can get back together but i know deep down it will never work,we did off and on long distance for 8 months then realized that it would be permanent long distance for the next 3 years and 2 weeks later we broke up we have been broken up for almost 3 months and i miss him everyday i wasn believe that we can get back together but i know deep down it will never work,we did off and on long distance for 8 months then realized that it would be permanent long distance for the next 3 years and 2 weeks later we broke up we have been broken up for almost 3 months and i miss him everyday i wasn believe that we can get back together but i know deep down it will never work,we did off and on long distance for  months then realized that it would be permanent long distance for the next  years and  weeks later we broke up we have been broken up for almost  months and i miss him everyday i wasn believe that we can get back together but i know deep down it will never work,we did off and on long distance for months then realized that it would be permanent long distance for the next years and weeks later we broke up we have been broken up for almost months and i miss him everyday i wasn believe that we can get back together but i know deep down it will never work,long distance months realized would permanent long distance next years weeks later broke broken almost months miss everyday believe get back together know deep never work,long distanc month realiz would perman long distanc next year week later broke broken almost month miss everyday believ get back togeth know deep never work,long distance month realize would permanent long distance next year week later break break almost month miss everyday believe get back together know deep never work
kacang_an,"ldr will be smooth if the man's love is bigger than the woman's love. not just one side, both sides should know how to make the chat interesting. We can be clingy but at the same time be mature","ldr will be smooth if the man's love is bigger than the woman's love. not just one side, both sides should know how to make the chat interesting. We can be clingy but at the same time be mature","ldr will be smooth if the man's love is bigger than the woman's love. not just one side, both sides should know how to make the chat interesting. we can be clingy but at the same time be mature","ldr will be smooth if the man's love is bigger than the woman's love. not just one side, both sides should know how to make the chat interesting. we can be clingy but at the same time be mature","ldr will be smooth if the man's love is bigger than the woman's love. not just one side, both sides should know how to make the chat interesting. we can be clingy but at the same time be mature","ldr will be smooth if the man's love is bigger than the woman's love. not just one side, both sides should know how to make the chat interesting. we can be clingy but at the same time be mature",ldr will be smooth if the mans love is bigger than the womans love not just one side both sides should know how to make the chat interesting we can be clingy but at the same time be mature,ldr will be smooth if the mans love is bigger than the womans love not just one side both sides should know how to make the chat interesting we can be clingy but at the same time be mature,ldr will be smooth if the mans love is bigger than the woman love not just one side both sides should know how to make the chat interesting we can be cling but at the same time be mature,ldr smooth mans love bigger woman love one side sides know make chat interesting cling time mature,ldr smooth man love bigger woman love one side side know make chat interest cling time matur,ldr smooth man love big woman love one side side know make chat interest cling time mature
edr.xx,"aku ldr beda kota, perjalan cuma beda sejam tp pacarku org yg super sibuk, tp bnyk yg kaget klo kita bisa sampe ga chatan lebih dri sehari 2hri disaat ak ngrasa seneng pas dia sibuk aku bisa fokus","I live in different cities, my journey is only an hour apart but my boyfriend is a super busy person, but many people are surprised that we can not chat for more than a day or two when I feel happy when he is busy I can focus","i live in different cities, my journey is only an hour apart but my boyfriend is a super busy person, but many people are surprised that we can not chat for more than a day or two when i feel happy when he is busy i can focus","i live in different cities, my journey is only an hour apart but my boyfriend is a super busy person, but many people are surprised that we can not chat for more than a day or two when i feel happy when he is busy i can focus","i live in different cities, my journey is only an hour apart but my boyfriend is a super busy person, but many people are surprised that we can not chat for more than a day or two when i feel happy when he is busy i can focus","i live in different cities, my journey is only an hour apart but my boyfriend is a super busy person, but many people are surprised that we can not chat for more than a day or two when i feel happy when he is busy i can focus",i live in different cities my journey is only an hour apart but my boyfriend is a super busy person but many people are surprised that we can not chat for more than a day or two when i feel happy when he is busy i can focus,i live in different cities my journey is only an hour apart but my boyfriend is a super busy person but many people are surprised that we can not chat for more than a day or two when i feel happy when he is busy i can focus,i live in different cities my journey is only an hour apart but my boyfriend is a super busy person but many people are surprised that we can not chat for more than a day or two when i feel happy when he is busy i can focus,live different cities journey hour apart boyfriend super busy person many people surprised chat day two feel happy busy focus,live differ citi journey hour apart boyfriend super busi person mani peopl surpris chat day two feel happi busi focu,live different city journey hour apart boyfriend super busy person many people surprise chat day two feel happy busy focus
paugarroo,wasted 4 years of my life in a LDR never again!,wasted 4 years of my life in a LDR never again!,wasted 4 years of my life in a ldr never again!,wasted 4 years of my life in a ldr never again!,wasted 4 years of my life in a ldr never again!,wasted 4 years of my life in a ldr never again!,wasted 4 years of my life in a ldr never again,wasted  years of my life in a ldr never again,wasted years of my life in a ldr never again,wasted years life ldr never,wast year life ldr never,waste year life ldr never
xx.1004,"i remember 3 years ago i laid in my bed so sad, just wishing i could touch and see my man in person and i was so jealous of all the couples that got to see eachother on the daily. we are now married and live in our own home together. it gets better!!??","i remember 3 years ago i laid in my bed so sad, just wishing i could touch and see my man in person and i was so jealous of all the couples that got to see eachother on the daily. we are now married and live in our own home together. it gets better!!??","i remember 3 years ago i laid in my bed so sad, just wishing i could touch and see my man in person and i was so jealous of all the couples that got to see eachother on the daily. we are now married and live in our own home together. it gets better!!??","i remember 3 years ago i laid in my bed so sad, just wishing i could touch and see my man in person and i was so jealous of all the couples that got to see eachother on the daily. we are now married and live in our own home together. it gets better!!??","i remember 3 years ago i laid in my bed so sad, just wishing i could touch and see my man in person and i was so jealous of all the couples that got to see eachother on the daily. we are now married and live in our own home together. it gets better!!??","i remember 3 years ago i laid in my bed so sad, just wishing i could touch and see my man in person and i was so jealous of all the couples that got to see eachother on the daily. we are now married and live in our own home together. it gets better!!??",i remember 3 years ago i laid in my bed so sad just wishing i could touch and see my man in person and i was so jealous of all the couples that got to see eachother on the daily we are now married and live in our own home together it gets better,i remember  years ago i laid in my bed so sad just wishing i could touch and see my man in person and i was so jealous of all the couples that got to see eachother on the daily we are now married and live in our own home together it gets better,i remember years ago i laid in my bed so sad just wishing i could touch and see my man in person and i was so jealous of all the couples that got to see eachother on the daily we are now married and live in our own home together it gets better,remember years ago laid bed sad wishing could touch see man person jealous couples got see eachother daily married live home together gets better,rememb year ago laid bed sad wish could touch see man person jealou coupl got see eachoth daili marri live home togeth get better,remember year ago lay bed sad wishing could touch see man person jealous couple get see eachother daily marry live home together get well
user52829769682109374972,"Thankyou. As someone who's been long distance for 2 years and 8 months. Every goodbye hurts a bit more, but I'm grateful to take flights every 3-4 months to see each other. To have a love so strong that we yearn for each other and are working towards something way bigger for both of our futures. It'll be worth it.","Thankyou. As someone who's been long distance for 2 years and 8 months. Every goodbye hurts a bit more, but I'm grateful to take flights every 3-4 months to see each other. To have a love so strong that we yearn for each other and are working towards something way bigger for both of our futures. It'll be worth it.","thankyou. as someone who's been long distance for 2 years and 8 months. every goodbye hurts a bit more, but i'm grateful to take flights every 3-4 months to see each other. to have a love so strong that we yearn for each other and are working towards something way bigger for both of our futures. it'll be worth it.","thankyou. as someone who's been long distance for 2 years and 8 months. every goodbye hurts a bit more, but i'm grateful to take flights every 3-4 months to see each other. to have a love so strong that we yearn for each other and are working towards something way bigger for both of our futures. it'll be worth it.","thankyou. as someone who's been long distance for 2 years and 8 months. every goodbye hurts a bit more, but i'm grateful to take flights every 3-4 months to see each other. to have a love so strong that we yearn for each other and are working towards something way bigger for both of our futures. it'll be worth it.","thankyou. as someone who is been long distance for 2 years and 8 months. every goodbye hurts a bit more, but i am grateful to take flights every 3-4 months to see each other. to have a love so strong that we yearn for each other and are working towards something way bigger for both of our futures. it'll be worth it.",thankyou as someone who is been long distance for 2 years and 8 months every goodbye hurts a bit more but i am grateful to take flights every 34 months to see each other to have a love so strong that we yearn for each other and are working towards something way bigger for both of our futures itll be worth it,thankyou as someone who is been long distance for  years and  months every goodbye hurts a bit more but i am grateful to take flights every  months to see each other to have a love so strong that we yearn for each other and are working towards something way bigger for both of our futures itll be worth it,thankyou as someone who is been long distance for years and months every goodbye hurts a bit more but i am grateful to take flights every months to see each other to have a love so strong that we year for each other and are working towards something way bigger for both of our futures till be worth it,thankyou someone long distance years months every goodbye hurts bit grateful take flights every months see love strong year working towards something way bigger futures till worth,thankyou someon long distanc year month everi goodby hurt bit grate take flight everi month see love strong year work toward someth way bigger futur till worth,thankyou someone long distance year month every goodbye hurt bit grateful take flight every month see love strong year work towards something way big future till worth
angieandjohann,Been long distance for 1 year and 6 months and honestly .. its hard but goddamn its worth it .,Been long distance for 1 year and 6 months and honestly .. its hard but goddamn its worth it .,been long distance for 1 year and 6 months and honestly .. its hard but goddamn its worth it .,been long distance for 1 year and 6 months and honestly .. its hard but goddamn its worth it .,been long distance for 1 year and 6 months and honestly .. its hard but goddamn its worth it .,been long distance for 1 year and 6 months and honestly .. its hard but goddamn its worth it .,been long distance for 1 year and 6 months and honestly  its hard but goddamn its worth it ,been long distance for  year and  months and honestly  its hard but goddamn its worth it ,been long distance for year and months and honestly its hard but goldman its worth it,long distance year months honestly its hard goldman its worth,long distanc year month honestli it hard goldman it worth,long distance year month honestly its hard goldman its worth
lechuz.ane2,"2 years done 2 more to go, 8000km / 5000 miles apart and for the first time we also have 7hr difference and god i hate it but my man is worth it. it gets easier.. i cry when we are about to leave again but then you get used to a routine. we do discord calls & share meals & watch shows &play games & fall asleep together and stay on the call for as long as we can just sit in silence or literally anything. now with time difference it's much harder but we still try to talk at least for 30min-1h per day on call & we text through the day and update each other. it's hard but worth it every second","2 years done 2 more to go, 8000km / 5000 miles apart and for the first time we also have 7hr difference and god i hate it but my man is worth it. it gets easier.. i cry when we are about to leave again but then you get used to a routine. we do discord calls & share meals & watch shows &play games & fall asleep together and stay on the call for as long as we can just sit in silence or literally anything. now with time difference it's much harder but we still try to talk at least for 30min-1h per day on call & we text through the day and update each other. it's hard but worth it every second","2 years done 2 more to go, 8000km / 5000 miles apart and for the first time we also have 7hr difference and god i hate it but my man is worth it. it gets easier.. i cry when we are about to leave again but then you get used to a routine. we do discord calls & share meals & watch shows &play games & fall asleep together and stay on the call for as long as we can just sit in silence or literally anything. now with time difference it's much harder but we still try to talk at least for 30min-1h per day on call & we text through the day and update each other. it's hard but worth it every second","2 years done 2 more to go, 8000km / 5000 miles apart and for the first time we also have 7hr difference and god i hate it but my man is worth it. it gets easier.. i cry when we are about to leave again but then you get used to a routine. we do discord calls & share meals & watch shows &play games & fall asleep together and stay on the call for as long as we can just sit in silence or literally anything. now with time difference it's much harder but we still try to talk at least for 30min-1h per day on call & we text through the day and update each other. it's hard but worth it every second","2 years done 2 more to go, 8000km / 5000 miles apart and for the first time we also have 7hr difference and god i hate it but my man is worth it. it gets easier.. i cry when we are about to leave again but then you get used to a routine. we do discord calls & share meals & watch shows &play games & fall asleep together and stay on the call for as long as we can just sit in silence or literally anything. now with time difference it's much harder but we still try to talk at least for 30min-1h per day on call & we text through the day and update each other. it's hard but worth it every second","2 years done 2 more to go, 8000km / 5000 miles apart and for the first time we also have 7hr difference and god i hate it but my man is worth it. it gets easier.. i cry when we are about to leave again but then you get used to a routine. we do discord calls & share meals & watch shows &play games & fall asleep together and stay on the call for as long as we can just sit in silence or literally anything. now with time difference it is much harder but we still try to talk at least for 30min-1h per day on call & we text through the day and update each other. it is hard but worth it every second",2 years done 2 more to go 8000km  5000 miles apart and for the first time we also have 7hr difference and god i hate it but my man is worth it it gets easier i cry when we are about to leave again but then you get used to a routine we do discord calls  share meals  watch shows play games  fall asleep together and stay on the call for as long as we can just sit in silence or literally anything now with time difference it is much harder but we still try to talk at least for 30min1h per day on call  we text through the day and update each other it is hard but worth it every second, years done  more to go km   miles apart and for the first time we also have hr difference and god i hate it but my man is worth it it gets easier i cry when we are about to leave again but then you get used to a routine we do discord calls  share meals  watch shows play games  fall asleep together and stay on the call for as long as we can just sit in silence or literally anything now with time difference it is much harder but we still try to talk at least for minh per day on call  we text through the day and update each other it is hard but worth it every second,years done more to go km miles apart and for the first time we also have hr difference and god i hate it but my man is worth it it gets easier i cry when we are about to leave again but then you get used to a routine we do discord calls share meals watch shows play games fall asleep together and stay on the call for as long as we can just sit in silence or literally anything now with time difference it is much harder but we still try to talk at least for min per day on call we text through the day and update each other it is hard but worth it every second,years done go km miles apart first time also hr difference god hate man worth gets easier cry leave get used routine discord calls share meals watch shows play games fall asleep together stay call long sit silence literally anything time difference much harder still try talk least min per day call text day update hard worth every second,year done go km mile apart first time also hr differ god hate man worth get easier cri leav get use routin discord call share meal watch show play game fall asleep togeth stay call long sit silenc liter anyth time differ much harder still tri talk least min per day call text day updat hard worth everi second,year do go km mile apart first time also hr difference god hate man worth get easy cry leave get use routine discord call share meal watch show play game fall asleep together stay call long sit silence literally anything time difference much harder still try talk least min per day call text day update hard worth every second
zo.silver,"Did 3 years long distance while I studied abroad, and it was hard (but I did come home for 3 months each summer) but if anything I think it made our relationship stronger! Next month is our first wedding anniversary ??","Did 3 years long distance while I studied abroad, and it was hard (but I did come home for 3 months each summer) but if anything I think it made our relationship stronger! Next month is our first wedding anniversary ??","did 3 years long distance while i studied abroad, and it was hard (but i did come home for 3 months each summer) but if anything i think it made our relationship stronger! next month is our first wedding anniversary ??","did 3 years long distance while i studied abroad, and it was hard (but i did come home for 3 months each summer) but if anything i think it made our relationship stronger! next month is our first wedding anniversary ??","did 3 years long distance while i studied abroad, and it was hard (but i did come home for 3 months each summer) but if anything i think it made our relationship stronger! next month is our first wedding anniversary ??","did 3 years long distance while i studied abroad, and it was hard (but i did come home for 3 months each summer) but if anything i think it made our relationship stronger! next month is our first wedding anniversary ??",did 3 years long distance while i studied abroad and it was hard but i did come home for 3 months each summer but if anything i think it made our relationship stronger next month is our first wedding anniversary ,did  years long distance while i studied abroad and it was hard but i did come home for  months each summer but if anything i think it made our relationship stronger next month is our first wedding anniversary ,did years long distance while i studied abroad and it was hard but i did come home for months each summer but if anything i think it made our relationship stronger next month is our first wedding anniversary,years long distance studied abroad hard come home months summer anything think made relationship stronger next month first wedding anniversary,year long distanc studi abroad hard come home month summer anyth think made relationship stronger next month first wed anniversari,year long distance study abroad hard come home month summer anything think make relationship strong next month first wed anniversary
jjjimenaaa,"Its the hardest thing Ive ever had to go through. Keep yourself busy, suround yourself with people that bring you joy, do as many things as you can that bring you joy. But at the end of the day itll be hard. Allow yourself to cry and to feel the sadness. Tell him about it and let him comfort you. You dont wanna go through the darkness alone.","Its the hardest thing Ive ever had to go through. Keep yourself busy, suround yourself with people that bring you joy, do as many things as you can that bring you joy. But at the end of the day itll be hard. Allow yourself to cry and to feel the sadness. Tell him about it and let him comfort you. You dont wanna go through the darkness alone.","its the hardest thing ive ever had to go through. keep yourself busy, suround yourself with people that bring you joy, do as many things as you can that bring you joy. but at the end of the day itll be hard. allow yourself to cry and to feel the sadness. tell him about it and let him comfort you. you dont wanna go through the darkness alone.","its the hardest thing ive ever had to go through. keep yourself busy, suround yourself with people that bring you joy, do as many things as you can that bring you joy. but at the end of the day itll be hard. allow yourself to cry and to feel the sadness. tell him about it and let him comfort you. you dont wanna go through the darkness alone.","its the hardest thing ive ever had to go through. keep yourself busy, suround yourself with people that bring you joy, do as many things as you can that bring you joy. but at the end of the day itll be hard. allow yourself to cry and to feel the sadness. tell him about it and let him comfort you. you dont wanna go through the darkness alone.","its the hardest thing ive ever had to go through. keep yourself busy, suround yourself with people that bring you joy, do as many things as you can that bring you joy. but at the end of the day itll be hard. allow yourself to cry and to feel the sadness. tell him about it and let him comfort you. you dont wanna go through the darkness alone.",its the hardest thing ive ever had to go through keep yourself busy suround yourself with people that bring you joy do as many things as you can that bring you joy but at the end of the day itll be hard allow yourself to cry and to feel the sadness tell him about it and let him comfort you you dont wanna go through the darkness alone,its the hardest thing ive ever had to go through keep yourself busy suround yourself with people that bring you joy do as many things as you can that bring you joy but at the end of the day itll be hard allow yourself to cry and to feel the sadness tell him about it and let him comfort you you dont wanna go through the darkness alone,its the hardest thing ive ever had to go through keep yourself busy surround yourself with people that bring you joy do as many things as you can that bring you joy but at the end of the day itll be hard allow yourself to cry and to feel the sadness tell him about it and let him comfort you you dont wanna go through the darkness alone,its hardest thing ive ever go keep busy surround people bring joy many things bring joy end day itll hard allow cry feel sadness tell let comfort dont wanna go darkness alone,it hardest thing iv ever go keep busi surround peopl bring joy mani thing bring joy end day itll hard allow cri feel sad tell let comfort dont wanna go dark alon,its hard thing ive ever go keep busy surround people bring joy many thing bring joy end day itll hard allow cry feel sadness tell let comfort dont wan na go darkness alone
mersadeslakelyn,"we've been long-distance for a year, but luckily we've been able to visit each other at least once a month. it's been hard, but he gets back in a few weeks and then we move in together??","we've been long-distance for a year, but luckily we've been able to visit each other at least once a month. it's been hard, but he gets back in a few weeks and then we move in together??","we've been long-distance for a year, but luckily we've been able to visit each other at least once a month. it's been hard, but he gets back in a few weeks and then we move in together??","we've been long-distance for a year, but luckily we've been able to visit each other at least once a month. it's been hard, but he gets back in a few weeks and then we move in together??","we've been long-distance for a year, but luckily we've been able to visit each other at least once a month. it's been hard, but he gets back in a few weeks and then we move in together??","we have been long-distance for a year, but luckily we have been able to visit each other at least once a month. it is been hard, but he gets back in a few weeks and then we move in together??",we have been longdistance for a year but luckily we have been able to visit each other at least once a month it is been hard but he gets back in a few weeks and then we move in together,we have been longdistance for a year but luckily we have been able to visit each other at least once a month it is been hard but he gets back in a few weeks and then we move in together,we have been longdistance for a year but lucky we have been able to visit each other at least once a month it is been hard but he gets back in a few weeks and then we move in together,longdistance year lucky able visit least month hard gets back weeks move together,longdist year lucki abl visit least month hard get back week move togeth,longdistance year lucky able visit least month hard get back week move together
bajablasturmom420,It's hard but if you TRULY love each other it'll work! My fiancé and I were long distance for over 3 years and now are living together happily engaged! We've been together over 4 years now and are getting married this year ?? it's hard but worth it!,It's hard but if you TRULY love each other it'll work! My fiancé and I were long distance for over 3 years and now are living together happily engaged! We've been together over 4 years now and are getting married this year ?? it's hard but worth it!,it's hard but if you truly love each other it'll work! my fiancé and i were long distance for over 3 years and now are living together happily engaged! we've been together over 4 years now and are getting married this year ?? it's hard but worth it!,it's hard but if you truly love each other it'll work! my fiancé and i were long distance for over 3 years and now are living together happily engaged! we've been together over 4 years now and are getting married this year ?? it's hard but worth it!,it's hard but if you truly love each other it'll work! my fiancé and i were long distance for over 3 years and now are living together happily engaged! we've been together over 4 years now and are getting married this year ?? it's hard but worth it!,it is hard but if you truly love each other it'll work! my fiancé and i were long distance for over 3 years and now are living together happily engaged! we have been together over 4 years now and are getting married this year ?? it is hard but worth it!,it is hard but if you truly love each other itll work my fiancé and i were long distance for over 3 years and now are living together happily engaged we have been together over 4 years now and are getting married this year  it is hard but worth it,it is hard but if you truly love each other itll work my fiancé and i were long distance for over  years and now are living together happily engaged we have been together over  years now and are getting married this year  it is hard but worth it,it is hard but if you truly love each other till work my fiancé and i were long distance for over years and now are living together happily engaged we have been together over years now and are getting married this year it is hard but worth it,hard truly love till work fiancé long distance years living together happily engaged together years getting married year hard worth,hard truli love till work fiancé long distanc year live togeth happili engag togeth year get marri year hard worth,hard truly love till work fiancé long distance year live together happily engage together year get married year hard worth
